arch,library,host,group,matrix,n,nnz_upper,mtype,cores,rep,analyze_s,factor_s,factor_gflops,factor_nnz,fill_ratio,solve1_s,solve8_s,solve40_s,logdet,status
intel,cholmod-5,cn512-24-l,group10,m_t1.mtx,97578,4925574,2,1,1,0.548604,0.638959,28.83,32068908,6.5107,0,0,0,1712163.662069,ok
intel,cholmod-5,cn512-24-l,group10,m_t1.mtx,97578,4925574,2,2,1,0.540260,0.541803,34.00,32068908,6.5107,0,0,0,1712163.662069,ok
intel,cholmod-5,cn512-24-l,group10,m_t1.mtx,97578,4925574,2,4,1,0.540345,0.485913,37.91,32068908,6.5107,0,0,0,1712163.662069,ok
intel,cholmod-5,cn512-24-l,group10,m_t1.mtx,97578,4925574,2,8,1,0.538970,0.433822,42.46,32068908,6.5107,0,0,0,1712163.662069,ok
intel,cholmod-5,cn512-24-l,group10,m_t1.mtx,97578,4925574,2,16,1,0.539070,0.421105,43.74,32068908,6.5107,0,0,0,1712163.662069,ok
intel,cholmod-5,cn512-24-l,group10,m_t1.mtx,97578,4925574,2,32,1,0.540192,0.528793,34.83,32068908,6.5107,0,0,0,1712163.662069,ok
intel,cholmod-5,cn512-24-l,group10,m_t1.mtx,97578,4925574,2,40,1,0.539263,0.590805,31.18,32068908,6.5107,0,0,0,1712163.662069,ok
intel,cholmod-5,cn512-24-l,group10,smt.mtx,25710,1889447,2,1,1,0.282940,0.235750,31.01,11422141,6.0452,0,0,0,248159.737394,ok
intel,cholmod-5,cn512-24-l,group10,smt.mtx,25710,1889447,2,2,1,0.280252,0.192259,38.03,11422141,6.0452,0,0,0,248159.737394,ok
intel,cholmod-5,cn512-24-l,group10,smt.mtx,25710,1889447,2,4,1,0.280780,0.164225,44.52,11422141,6.0452,0,0,0,248159.737394,ok
intel,cholmod-5,cn512-24-l,group10,smt.mtx,25710,1889447,2,8,1,0.279571,0.153858,47.52,11422141,6.0452,0,0,0,248159.737394,ok
intel,cholmod-5,cn512-24-l,group10,smt.mtx,25710,1889447,2,16,1,0.279371,0.140417,52.07,11422141,6.0452,0,0,0,248159.737394,ok
intel,cholmod-5,cn512-24-l,group10,smt.mtx,25710,1889447,2,32,1,0.279984,0.180107,40.59,11422141,6.0452,0,0,0,248159.737394,ok
intel,cholmod-5,cn512-24-l,group10,smt.mtx,25710,1889447,2,40,1,0.279421,0.214672,34.06,11422141,6.0452,0,0,0,248159.737394,ok
intel,cholmod-5,cn512-24-l,group10,thread.mtx,29736,2249892,2,1,1,0.350940,0.828159,44.62,24514479,10.8958,0,0,0,874494.954662,ok
intel,cholmod-5,cn512-24-l,group10,thread.mtx,29736,2249892,2,2,1,0.350032,0.555725,66.49,24514479,10.8958,0,0,0,874494.954662,ok
intel,cholmod-5,cn512-24-l,group10,thread.mtx,29736,2249892,2,4,1,0.350089,0.390192,94.70,24514479,10.8958,0,0,0,874494.954662,ok
intel,cholmod-5,cn512-24-l,group10,thread.mtx,29736,2249892,2,8,1,0.348541,0.299929,123.19,24514479,10.8958,0,0,0,874494.954662,ok
intel,cholmod-5,cn512-24-l,group10,thread.mtx,29736,2249892,2,16,1,0.350133,0.272118,135.78,24514479,10.8958,0,0,0,874494.954662,ok
intel,cholmod-5,cn512-24-l,group10,thread.mtx,29736,2249892,2,32,1,0.349838,0.310793,118.89,24514479,10.8958,0,0,0,874494.954662,ok
intel,cholmod-5,cn512-24-l,group10,thread.mtx,29736,2249892,2,40,1,0.348774,0.343942,107.43,24514479,10.8958,0,0,0,874494.954662,ok
intel,cholmod-5,cn512-24-l,group11,inla_graph_lgm_10010_bw2.mtx,10010,327351,2,1,1,0.037171,0.051326,15.42,2662511,8.1335,0,0,0,92195.498200,ok
intel,cholmod-5,cn512-24-l,group11,inla_graph_lgm_10010_bw2.mtx,10010,327351,2,2,1,0.036959,0.050393,15.70,2662511,8.1335,0,0,0,92195.498200,ok
intel,cholmod-5,cn512-24-l,group11,inla_graph_lgm_10010_bw2.mtx,10010,327351,2,4,1,0.037342,0.045752,17.30,2662511,8.1335,0,0,0,92195.498200,ok
intel,cholmod-5,cn512-24-l,group11,inla_graph_lgm_10010_bw2.mtx,10010,327351,2,8,1,0.037442,0.043722,18.10,2662511,8.1335,0,0,0,92195.498200,ok
intel,cholmod-5,cn512-24-l,group11,inla_graph_lgm_10010_bw2.mtx,10010,327351,2,16,1,0.037249,0.051826,15.27,2662511,8.1335,0,0,0,92195.498200,ok
intel,cholmod-5,cn512-24-l,group11,inla_graph_lgm_10010_bw2.mtx,10010,327351,2,32,1,0.036632,0.066494,11.90,2662511,8.1335,0,0,0,92195.498200,ok
intel,cholmod-5,cn512-24-l,group11,inla_graph_lgm_10010_bw2.mtx,10010,327351,2,40,1,0.037473,0.073754,10.73,2662511,8.1335,0,0,0,92195.498200,ok
intel,cholmod-5,cn512-24-l,group11,inla_graph_lgm_100200_bw1.mtx,100200,30054727,2,1,1,11.104770,13.817231,54.85,265440239,8.8319,0,0,0,922875.998029,ok
intel,cholmod-5,cn512-24-l,group11,inla_graph_lgm_100200_bw1.mtx,100200,30054727,2,2,1,11.102171,7.940948,95.43,265440239,8.8319,0,0,0,922875.998029,ok
intel,cholmod-5,cn512-24-l,group11,inla_graph_lgm_100200_bw1.mtx,100200,30054727,2,4,1,11.111899,4.824202,157.09,265440239,8.8319,0,0,0,922875.998029,ok
intel,cholmod-5,cn512-24-l,group11,inla_graph_lgm_100200_bw1.mtx,100200,30054727,2,8,1,11.105816,3.087826,245.42,265440239,8.8319,0,0,0,922875.998029,ok
intel,cholmod-5,cn512-24-l,group11,inla_graph_lgm_100200_bw1.mtx,100200,30054727,2,16,1,11.112568,2.309739,328.10,265440239,8.8319,0,0,0,922875.998029,ok
intel,cholmod-5,cn512-24-l,group11,inla_graph_lgm_100200_bw1.mtx,100200,30054727,2,32,1,11.100188,2.222237,341.01,265440239,8.8319,0,0,0,922875.998029,ok
intel,cholmod-5,cn512-24-l,group11,inla_graph_lgm_100200_bw1.mtx,100200,30054727,2,40,1,11.104907,2.310640,327.97,265440239,8.8319,0,0,0,922875.998029,ok
intel,cholmod-5,cn512-24-l,group11,inla_graph_lgm_100200_bw2.mtx,100200,32026662,2,1,1,12.735064,36.849038,60.93,457648869,14.2896,0,0,0,922876.051816,ok
intel,cholmod-5,cn512-24-l,group11,inla_graph_lgm_100200_bw2.mtx,100200,32026662,2,2,1,12.722720,20.296352,110.62,457648869,14.2896,0,0,0,922876.051816,ok
intel,cholmod-5,cn512-24-l,group11,inla_graph_lgm_100200_bw2.mtx,100200,32026662,2,4,1,12.761824,11.257823,199.43,457648869,14.2896,0,0,0,922876.051816,ok
intel,cholmod-5,cn512-24-l,group11,inla_graph_lgm_100200_bw2.mtx,100200,32026662,2,8,1,12.732412,6.457103,347.70,457648869,14.2896,0,0,0,922876.051816,ok
intel,cholmod-5,cn512-24-l,group11,inla_graph_lgm_100200_bw2.mtx,100200,32026662,2,16,1,12.732465,4.316994,520.07,457648869,14.2896,0,0,0,922876.051816,ok
intel,cholmod-5,cn512-24-l,group11,inla_graph_lgm_100200_bw2.mtx,100200,32026662,2,32,1,12.741953,3.537490,634.67,457648869,14.2896,0,0,0,922876.051816,ok
intel,cholmod-5,cn512-24-l,group11,inla_graph_lgm_100200_bw2.mtx,100200,32026662,2,40,1,12.721962,3.609998,621.92,457648869,14.2896,0,0,0,922876.051816,ok
intel,cholmod-5,cn512-24-l,group11,inla_graph_lgm_48600_bw2.mtx,48600,35663339,2,1,1,8.696271,26.774273,61.13,267339536,7.4962,0,0,0,447622.101009,ok
intel,cholmod-5,cn512-24-l,group11,inla_graph_lgm_48600_bw2.mtx,48600,35663339,2,2,1,8.707123,14.674404,111.53,267339536,7.4962,0,0,0,447622.101009,ok
intel,cholmod-5,cn512-24-l,group11,inla_graph_lgm_48600_bw2.mtx,48600,35663339,2,4,1,8.699272,7.987493,204.90,267339536,7.4962,0,0,0,447622.101009,ok
intel,cholmod-5,cn512-24-l,group11,inla_graph_lgm_48600_bw2.mtx,48600,35663339,2,8,1,8.698298,4.649081,352.03,267339536,7.4962,0,0,0,447622.101009,ok
intel,cholmod-5,cn512-24-l,group11,inla_graph_lgm_48600_bw2.mtx,48600,35663339,2,16,1,8.703321,3.118768,524.76,267339536,7.4962,0,0,0,447622.101009,ok
intel,cholmod-5,cn512-24-l,group11,inla_graph_lgm_48600_bw2.mtx,48600,35663339,2,32,1,8.700906,2.432648,672.77,267339536,7.4962,0,0,0,447622.101009,ok
intel,cholmod-5,cn512-24-l,group11,inla_graph_lgm_48600_bw2.mtx,48600,35663339,2,40,1,8.707930,2.361488,693.04,267339536,7.4962,0,0,0,447622.101009,ok
intel,cholmod-5,cn512-24-l,group11,inla_graph_lgm_50000_bw15000.mtx,50000,7286160,2,1,1,14.980502,14.440017,48.95,134280676,18.4296,0,0,0,716715.217529,ok
intel,cholmod-5,cn512-24-l,group11,inla_graph_lgm_50000_bw15000.mtx,50000,7286160,2,2,1,14.971407,9.230358,76.59,134280676,18.4296,0,0,0,716715.217529,ok
intel,cholmod-5,cn512-24-l,group11,inla_graph_lgm_50000_bw15000.mtx,50000,7286160,2,4,1,15.019490,6.279241,112.58,134280676,18.4296,0,0,0,716715.217529,ok
intel,cholmod-5,cn512-24-l,group11,inla_graph_lgm_50000_bw15000.mtx,50000,7286160,2,8,1,14.981187,5.298726,133.41,134280676,18.4296,0,0,0,716715.217529,ok
intel,cholmod-5,cn512-24-l,group11,inla_graph_lgm_50000_bw15000.mtx,50000,7286160,2,16,1,15.002416,5.723007,123.52,134280676,18.4296,0,0,0,716715.217529,ok
intel,cholmod-5,cn512-24-l,group11,inla_graph_lgm_50000_bw15000.mtx,50000,7286160,2,32,1,15.007033,8.943091,79.05,134280676,18.4296,0,0,0,716715.217529,ok
intel,cholmod-5,cn512-24-l,group11,inla_graph_lgm_50000_bw15000.mtx,50000,7286160,2,40,1,14.989110,11.184001,63.21,134280676,18.4296,0,0,0,716715.217529,ok
intel,cholmod-5,cn512-24-l,group11,inla_graph_lgm_50400_bw2.mtx,50400,23854872,2,1,1,11.778473,146.686625,67.38,644622307,27.0227,0,0,0,464200.468611,ok
intel,cholmod-5,cn512-24-l,group11,inla_graph_lgm_50400_bw2.mtx,50400,23854872,2,2,1,11.780072,74.674157,132.35,644622307,27.0227,0,0,0,464200.468611,ok
intel,cholmod-5,cn512-24-l,group11,inla_graph_lgm_50400_bw2.mtx,50400,23854872,2,4,1,11.794561,38.407825,257.32,644622307,27.0227,0,0,0,464200.468611,ok
intel,cholmod-5,cn512-24-l,group11,inla_graph_lgm_50400_bw2.mtx,50400,23854872,2,8,1,11.794403,20.118361,491.24,644622307,27.0227,0,0,0,464200.468611,ok
intel,cholmod-5,cn512-24-l,group11,inla_graph_lgm_50400_bw2.mtx,50400,23854872,2,16,1,11.793928,12.370550,798.92,644622307,27.0227,0,0,0,464200.468611,ok
intel,cholmod-5,cn512-24-l,group11,inla_graph_lgm_50400_bw2.mtx,50400,23854872,2,32,1,11.784690,7.704364,1282.78,644622307,27.0227,0,0,0,464200.468611,ok
intel,cholmod-5,cn512-24-l,group11,inla_graph_lgm_50400_bw2.mtx,50400,23854872,2,40,1,11.790697,7.161067,1380.11,644622307,27.0227,0,0,0,464200.468611,ok
intel,cholmod-5,cn512-24-l,group1,bcsstk08.mtx,1074,7017,2,1,1,0.002626,0.001959,0.92,31153,4.4396,0,0,0,14650.230028,ok
intel,cholmod-5,cn512-24-l,group1,bcsstk08.mtx,1074,7017,2,2,1,0.002106,0.002037,0.89,31153,4.4396,0,0,0,14650.230028,ok
intel,cholmod-5,cn512-24-l,group1,bcsstk08.mtx,1074,7017,2,4,1,0.002112,0.001988,0.91,31153,4.4396,0,0,0,14650.230028,ok
intel,cholmod-5,cn512-24-l,group1,bcsstk08.mtx,1074,7017,2,8,1,0.002105,0.002040,0.89,31153,4.4396,0,0,0,14650.230028,ok
intel,cholmod-5,cn512-24-l,group1,bcsstk08.mtx,1074,7017,2,16,1,0.002105,0.001980,0.91,31153,4.4396,0,0,0,14650.230028,ok
intel,cholmod-5,cn512-24-l,group1,bcsstk08.mtx,1074,7017,2,32,1,0.002102,0.002037,0.89,31153,4.4396,0,0,0,14650.230028,ok
intel,cholmod-5,cn512-24-l,group1,bcsstk08.mtx,1074,7017,2,40,1,0.002101,0.002063,0.88,31153,4.4396,0,0,0,14650.230028,ok
intel,cholmod-5,cn512-24-l,group1,bcsstk09.mtx,1083,9760,2,1,1,0.001480,0.001657,2.72,58416,5.9852,0,0,0,17170.252385,ok
intel,cholmod-5,cn512-24-l,group1,bcsstk09.mtx,1083,9760,2,2,1,0.001480,0.001759,2.56,58416,5.9852,0,0,0,17170.252385,ok
intel,cholmod-5,cn512-24-l,group1,bcsstk09.mtx,1083,9760,2,4,1,0.001428,0.001746,2.58,58416,5.9852,0,0,0,17170.252385,ok
intel,cholmod-5,cn512-24-l,group1,bcsstk09.mtx,1083,9760,2,8,1,0.001422,0.001687,2.67,58416,5.9852,0,0,0,17170.252385,ok
intel,cholmod-5,cn512-24-l,group1,bcsstk09.mtx,1083,9760,2,16,1,0.001482,0.001771,2.54,58416,5.9852,0,0,0,17170.252385,ok
intel,cholmod-5,cn512-24-l,group1,bcsstk09.mtx,1083,9760,2,32,1,0.001435,0.001830,2.46,58416,5.9852,0,0,0,17170.252385,ok
intel,cholmod-5,cn512-24-l,group1,bcsstk09.mtx,1083,9760,2,40,1,0.001437,0.001754,2.57,58416,5.9852,0,0,0,17170.252385,ok
intel,cholmod-5,cn512-24-l,group1,bcsstk10.mtx,1086,11578,2,1,1,0.000708,0.000657,0.87,23689,2.0460,0,0,0,14238.307934,ok
intel,cholmod-5,cn512-24-l,group1,bcsstk10.mtx,1086,11578,2,2,1,0.000702,0.000661,0.87,23689,2.0460,0,0,0,14238.307934,ok
intel,cholmod-5,cn512-24-l,group1,bcsstk10.mtx,1086,11578,2,4,1,0.000709,0.000663,0.86,23689,2.0460,0,0,0,14238.307934,ok
intel,cholmod-5,cn512-24-l,group1,bcsstk10.mtx,1086,11578,2,8,1,0.000708,0.000660,0.87,23689,2.0460,0,0,0,14238.307934,ok
intel,cholmod-5,cn512-24-l,group1,bcsstk10.mtx,1086,11578,2,16,1,0.000715,0.000661,0.87,23689,2.0460,0,0,0,14238.307934,ok
intel,cholmod-5,cn512-24-l,group1,bcsstk10.mtx,1086,11578,2,32,1,0.000707,0.000663,0.86,23689,2.0460,0,0,0,14238.307934,ok
intel,cholmod-5,cn512-24-l,group1,bcsstk10.mtx,1086,11578,2,40,1,0.000727,0.000652,0.88,23689,2.0460,0,0,0,14238.307934,ok
intel,cholmod-5,cn512-24-l,group1,bcsstk11.mtx,1473,17857,2,1,1,0.001628,0.001627,1.42,51271,2.8712,0,0,0,21933.879929,ok
intel,cholmod-5,cn512-24-l,group1,bcsstk11.mtx,1473,17857,2,2,1,0.001347,0.001651,1.40,51271,2.8712,0,0,0,21933.879929,ok
intel,cholmod-5,cn512-24-l,group1,bcsstk11.mtx,1473,17857,2,4,1,0.001417,0.001639,1.41,51271,2.8712,0,0,0,21933.879929,ok
intel,cholmod-5,cn512-24-l,group1,bcsstk11.mtx,1473,17857,2,8,1,0.001397,0.001921,1.20,51271,2.8712,0,0,0,21933.879929,ok
intel,cholmod-5,cn512-24-l,group1,bcsstk11.mtx,1473,17857,2,16,1,0.001367,0.001650,1.40,51271,2.8712,0,0,0,21933.879929,ok
intel,cholmod-5,cn512-24-l,group1,bcsstk11.mtx,1473,17857,2,32,1,0.001360,0.001665,1.39,51271,2.8712,0,0,0,21933.879929,ok
intel,cholmod-5,cn512-24-l,group1,bcsstk11.mtx,1473,17857,2,40,1,0.001393,0.001654,1.40,51271,2.8712,0,0,0,21933.879929,ok
intel,cholmod-5,cn512-24-l,group1,bcsstk13.mtx,2003,42943,2,1,1,0.004362,0.004878,11.34,265942,6.1929,0,0,0,38330.044617,ok
intel,cholmod-5,cn512-24-l,group1,bcsstk13.mtx,2003,42943,2,2,1,0.004358,0.004982,11.11,265942,6.1929,0,0,0,38330.044617,ok
intel,cholmod-5,cn512-24-l,group1,bcsstk13.mtx,2003,42943,2,4,1,0.004255,0.004945,11.19,265942,6.1929,0,0,0,38330.044617,ok
intel,cholmod-5,cn512-24-l,group1,bcsstk13.mtx,2003,42943,2,8,1,0.004353,0.005319,10.40,265942,6.1929,0,0,0,38330.044617,ok
intel,cholmod-5,cn512-24-l,group1,bcsstk13.mtx,2003,42943,2,16,1,0.004352,0.005341,10.36,265942,6.1929,0,0,0,38330.044617,ok
intel,cholmod-5,cn512-24-l,group1,bcsstk13.mtx,2003,42943,2,32,1,0.004253,0.006424,8.61,265942,6.1929,0,0,0,38330.044617,ok
intel,cholmod-5,cn512-24-l,group1,bcsstk13.mtx,2003,42943,2,40,1,0.004378,0.009131,6.06,265942,6.1929,0,0,0,38330.044617,ok
intel,cholmod-5,cn512-24-l,group1,bcsstk14.mtx,1806,32630,2,1,1,0.002959,0.002820,3.24,109078,3.3429,0,0,0,30355.020618,ok
intel,cholmod-5,cn512-24-l,group1,bcsstk14.mtx,1806,32630,2,2,1,0.002643,0.002883,3.17,109078,3.3429,0,0,0,30355.020618,ok
intel,cholmod-5,cn512-24-l,group1,bcsstk14.mtx,1806,32630,2,4,1,0.002614,0.002957,3.09,109078,3.3429,0,0,0,30355.020618,ok
intel,cholmod-5,cn512-24-l,group1,bcsstk14.mtx,1806,32630,2,8,1,0.002554,0.002807,3.26,109078,3.3429,0,0,0,30355.020618,ok
intel,cholmod-5,cn512-24-l,group1,bcsstk14.mtx,1806,32630,2,16,1,0.002560,0.003041,3.01,109078,3.3429,0,0,0,30355.020618,ok
intel,cholmod-5,cn512-24-l,group1,bcsstk14.mtx,1806,32630,2,32,1,0.002638,0.003860,2.37,109078,3.3429,0,0,0,30355.020618,ok
intel,cholmod-5,cn512-24-l,group1,bcsstk14.mtx,1806,32630,2,40,1,0.002558,0.004037,2.26,109078,3.3429,0,0,0,30355.020618,ok
intel,cholmod-5,cn512-24-l,group1,bcsstk15.mtx,3948,60882,2,1,1,0.007600,0.010480,14.06,614590,10.0948,0,0,0,65400.181216,ok
intel,cholmod-5,cn512-24-l,group1,bcsstk15.mtx,3948,60882,2,2,1,0.007145,0.010455,14.09,614590,10.0948,0,0,0,65400.181216,ok
intel,cholmod-5,cn512-24-l,group1,bcsstk15.mtx,3948,60882,2,4,1,0.007121,0.010376,14.20,614590,10.0948,0,0,0,65400.181216,ok
intel,cholmod-5,cn512-24-l,group1,bcsstk15.mtx,3948,60882,2,8,1,0.007042,0.010801,13.64,614590,10.0948,0,0,0,65400.181216,ok
intel,cholmod-5,cn512-24-l,group1,bcsstk15.mtx,3948,60882,2,16,1,0.007094,0.012571,11.72,614590,10.0948,0,0,0,65400.181216,ok
intel,cholmod-5,cn512-24-l,group1,bcsstk15.mtx,3948,60882,2,32,1,0.007175,0.016394,8.99,614590,10.0948,0,0,0,65400.181216,ok
intel,cholmod-5,cn512-24-l,group1,bcsstk15.mtx,3948,60882,2,40,1,0.007046,0.114543,1.29,614590,10.0948,0,0,0,65400.181216,ok
intel,cholmod-5,cn512-24-l,group1,bcsstk16.mtx,4884,147631,2,1,1,0.008505,0.012960,14.38,812183,5.5014,0,0,0,96826.292845,ok
intel,cholmod-5,cn512-24-l,group1,bcsstk16.mtx,4884,147631,2,2,1,0.007553,0.012805,14.56,812183,5.5014,0,0,0,96826.292845,ok
intel,cholmod-5,cn512-24-l,group1,bcsstk16.mtx,4884,147631,2,4,1,0.007564,0.012157,15.33,812183,5.5014,0,0,0,96826.292845,ok
intel,cholmod-5,cn512-24-l,group1,bcsstk16.mtx,4884,147631,2,8,1,0.007606,0.012278,15.18,812183,5.5014,0,0,0,96826.292845,ok
intel,cholmod-5,cn512-24-l,group1,bcsstk16.mtx,4884,147631,2,16,1,0.007455,0.012298,15.16,812183,5.5014,0,0,0,96826.292845,ok
intel,cholmod-5,cn512-24-l,group1,bcsstk16.mtx,4884,147631,2,32,1,0.007465,0.014322,13.02,812183,5.5014,0,0,0,96826.292845,ok
intel,cholmod-5,cn512-24-l,group1,bcsstk16.mtx,4884,147631,2,40,1,0.007540,0.016578,11.24,812183,5.5014,0,0,0,96826.292845,ok
intel,cholmod-5,cn512-24-l,group1,bcsstk17.mtx,10974,219812,2,1,1,0.014452,0.019654,8.01,1043601,4.7477,0,0,0,163521.693307,ok
intel,cholmod-5,cn512-24-l,group1,bcsstk17.mtx,10974,219812,2,2,1,0.014204,0.020427,7.70,1043601,4.7477,0,0,0,163521.693307,ok
intel,cholmod-5,cn512-24-l,group1,bcsstk17.mtx,10974,219812,2,4,1,0.014286,0.020521,7.67,1043601,4.7477,0,0,0,163521.693307,ok
intel,cholmod-5,cn512-24-l,group1,bcsstk17.mtx,10974,219812,2,8,1,0.014265,0.021072,7.47,1043601,4.7477,0,0,0,163521.693307,ok
intel,cholmod-5,cn512-24-l,group1,bcsstk17.mtx,10974,219812,2,16,1,0.014261,0.021964,7.16,1043601,4.7477,0,0,0,163521.693307,ok
intel,cholmod-5,cn512-24-l,group1,bcsstk17.mtx,10974,219812,2,32,1,0.014224,0.027523,5.72,1043601,4.7477,0,0,0,163521.693307,ok
intel,cholmod-5,cn512-24-l,group1,bcsstk17.mtx,10974,219812,2,40,1,0.014222,0.028849,5.45,1043601,4.7477,0,0,0,163521.693307,ok
intel,cholmod-5,cn512-24-l,group1,bcsstk18.mtx,11948,80519,2,1,1,0.016047,0.021312,6.10,637035,7.9116,0,0,0,178262.815928,ok
intel,cholmod-5,cn512-24-l,group1,bcsstk18.mtx,11948,80519,2,2,1,0.016024,0.021586,6.03,637035,7.9116,0,0,0,178262.815928,ok
intel,cholmod-5,cn512-24-l,group1,bcsstk18.mtx,11948,80519,2,4,1,0.016010,0.021537,6.04,637035,7.9116,0,0,0,178262.815928,ok
intel,cholmod-5,cn512-24-l,group1,bcsstk18.mtx,11948,80519,2,8,1,0.016031,0.021166,6.15,637035,7.9116,0,0,0,178262.815928,ok
intel,cholmod-5,cn512-24-l,group1,bcsstk18.mtx,11948,80519,2,16,1,0.016021,0.020729,6.28,637035,7.9116,0,0,0,178262.815928,ok
intel,cholmod-5,cn512-24-l,group1,bcsstk18.mtx,11948,80519,2,32,1,0.016170,0.023423,5.55,637035,7.9116,0,0,0,178262.815928,ok
intel,cholmod-5,cn512-24-l,group1,bcsstk18.mtx,11948,80519,2,40,1,0.016030,0.030150,4.32,637035,7.9116,0,0,0,178262.815928,ok
intel,cholmod-5,cn512-24-l,group2,inla_graph_83o4NNNo.mtx,25853,778924,2,1,1,0.054952,0.162500,23.83,8628508,11.0775,0,0,0,178611.296824,ok
intel,cholmod-5,cn512-24-l,group2,inla_graph_83o4NNNo.mtx,25853,778924,2,2,1,0.054634,0.147578,26.23,8628508,11.0775,0,0,0,178611.296824,ok
intel,cholmod-5,cn512-24-l,group2,inla_graph_83o4NNNo.mtx,25853,778924,2,4,1,0.055739,0.128844,30.05,8628508,11.0775,0,0,0,178611.296824,ok
intel,cholmod-5,cn512-24-l,group2,inla_graph_83o4NNNo.mtx,25853,778924,2,8,1,0.055432,0.119964,32.27,8628508,11.0775,0,0,0,178611.296824,ok
intel,cholmod-5,cn512-24-l,group2,inla_graph_83o4NNNo.mtx,25853,778924,2,16,1,0.054934,0.129257,29.95,8628508,11.0775,0,0,0,178611.296824,ok
intel,cholmod-5,cn512-24-l,group2,inla_graph_83o4NNNo.mtx,25853,778924,2,32,1,0.055431,0.184009,21.04,8628508,11.0775,0,0,0,178611.296824,ok
intel,cholmod-5,cn512-24-l,group2,inla_graph_83o4NNNo.mtx,25853,778924,2,40,1,0.055885,0.211385,18.32,8628508,11.0775,0,0,0,178611.296824,ok
intel,cholmod-5,cn512-24-l,group2,inla_graph_8rtKSK.mtx,7860,32965,2,1,1,0.008027,0.000858,0.34,41613,1.2623,0,0,0,54302.787529,ok
intel,cholmod-5,cn512-24-l,group2,inla_graph_8rtKSK.mtx,7860,32965,2,2,1,0.007732,0.000864,0.34,41613,1.2623,0,0,0,54302.787529,ok
intel,cholmod-5,cn512-24-l,group2,inla_graph_8rtKSK.mtx,7860,32965,2,4,1,0.007690,0.000851,0.35,41613,1.2623,0,0,0,54302.787529,ok
intel,cholmod-5,cn512-24-l,group2,inla_graph_8rtKSK.mtx,7860,32965,2,8,1,0.007732,0.000866,0.34,41613,1.2623,0,0,0,54302.787529,ok
intel,cholmod-5,cn512-24-l,group2,inla_graph_8rtKSK.mtx,7860,32965,2,16,1,0.007701,0.000868,0.34,41613,1.2623,0,0,0,54302.787529,ok
intel,cholmod-5,cn512-24-l,group2,inla_graph_8rtKSK.mtx,7860,32965,2,32,1,0.007701,0.000862,0.34,41613,1.2623,0,0,0,54302.787529,ok
intel,cholmod-5,cn512-24-l,group2,inla_graph_8rtKSK.mtx,7860,32965,2,40,1,0.007677,0.000867,0.34,41613,1.2623,0,0,0,54302.787529,ok
intel,cholmod-5,cn512-24-l,group2,inla_graph_animal1.mtx,5126,2644501,2,1,1,0.116088,0.661512,46.19,11041301,4.1752,0,0,0,35560.744470,ok
intel,cholmod-5,cn512-24-l,group2,inla_graph_animal1.mtx,5126,2644501,2,2,1,0.114478,0.374783,81.53,11041301,4.1752,0,0,0,35560.744470,ok
intel,cholmod-5,cn512-24-l,group2,inla_graph_animal1.mtx,5126,2644501,2,4,1,0.115028,0.234507,130.30,11041301,4.1752,0,0,0,35560.744470,ok
intel,cholmod-5,cn512-24-l,group2,inla_graph_animal1.mtx,5126,2644501,2,8,1,0.116894,0.156090,195.76,11041301,4.1752,0,0,0,35560.744470,ok
intel,cholmod-5,cn512-24-l,group2,inla_graph_animal1.mtx,5126,2644501,2,16,1,0.115017,0.116818,261.56,11041301,4.1752,0,0,0,35560.744470,ok
intel,cholmod-5,cn512-24-l,group2,inla_graph_animal1.mtx,5126,2644501,2,32,1,0.115234,0.111721,273.50,11041301,4.1752,0,0,0,35560.744470,ok
intel,cholmod-5,cn512-24-l,group2,inla_graph_animal1.mtx,5126,2644501,2,40,1,0.115956,0.110048,277.66,11041301,4.1752,0,0,0,35560.744470,ok
intel,cholmod-5,cn512-24-l,group2,inla_graph_animal2.mtx,50126,251427001,2,2,1,14.482203,239.629850,119.14,1055351801,4.1974,0,0,0,461827.749264,ok
intel,cholmod-5,cn512-24-l,group2,inla_graph_animal2.mtx,50126,251427001,2,4,1,14.511788,129.138291,221.08,1055351801,4.1974,0,0,0,461827.749264,ok
intel,cholmod-5,cn512-24-l,group2,inla_graph_animal2.mtx,50126,251427001,2,8,1,14.508980,65.313164,437.13,1055351801,4.1974,0,0,0,461827.749264,ok
intel,cholmod-5,cn512-24-l,group2,inla_graph_animal2.mtx,50126,251427001,2,16,1,14.496849,37.536303,760.61,1055351801,4.1974,0,0,0,461827.749264,ok
intel,cholmod-5,cn512-24-l,group2,inla_graph_animal2.mtx,50126,251427001,2,32,1,14.503264,26.120264,1093.04,1055351801,4.1974,0,0,0,461827.749264,ok
intel,cholmod-5,cn512-24-l,group2,inla_graph_animal2.mtx,50126,251427001,2,40,1,14.497435,25.046116,1139.92,1055351801,4.1974,0,0,0,461827.749264,ok
intel,cholmod-5,cn512-24-l,group2,inla_graph_ayaLRw.mtx,69224,168584,2,1,1,0.077249,0.014426,0.25,369804,2.1936,0,0,0,478251.541686,ok
intel,cholmod-5,cn512-24-l,group2,inla_graph_ayaLRw.mtx,69224,168584,2,2,1,0.076373,0.014319,0.25,369804,2.1936,0,0,0,478251.541686,ok
intel,cholmod-5,cn512-24-l,group2,inla_graph_ayaLRw.mtx,69224,168584,2,4,1,0.074589,0.014136,0.25,369804,2.1936,0,0,0,478251.541686,ok
intel,cholmod-5,cn512-24-l,group2,inla_graph_ayaLRw.mtx,69224,168584,2,8,1,0.076262,0.014412,0.25,369804,2.1936,0,0,0,478251.541686,ok
intel,cholmod-5,cn512-24-l,group2,inla_graph_ayaLRw.mtx,69224,168584,2,16,1,0.076433,0.014423,0.25,369804,2.1936,0,0,0,478251.541686,ok
intel,cholmod-5,cn512-24-l,group2,inla_graph_ayaLRw.mtx,69224,168584,2,32,1,0.074465,0.014063,0.25,369804,2.1936,0,0,0,478251.541686,ok
intel,cholmod-5,cn512-24-l,group2,inla_graph_ayaLRw.mtx,69224,168584,2,40,1,0.075596,0.014171,0.25,369804,2.1936,0,0,0,478251.541686,ok
intel,cholmod-5,cn512-24-l,group2,inla_graph_diff.mtx,21529,200017,2,1,1,0.021857,0.047683,1.72,667868,3.3391,0,0,0,148738.403451,ok
intel,cholmod-5,cn512-24-l,group2,inla_graph_diff.mtx,21529,200017,2,2,1,0.021692,0.048874,1.68,667868,3.3391,0,0,0,148738.403451,ok
intel,cholmod-5,cn512-24-l,group2,inla_graph_diff.mtx,21529,200017,2,4,1,0.021972,0.049265,1.66,667868,3.3391,0,0,0,148738.403451,ok
intel,cholmod-5,cn512-24-l,group2,inla_graph_diff.mtx,21529,200017,2,8,1,0.021670,0.048996,1.67,667868,3.3391,0,0,0,148738.403451,ok
intel,cholmod-5,cn512-24-l,group2,inla_graph_diff.mtx,21529,200017,2,16,1,0.021706,0.052741,1.55,667868,3.3391,0,0,0,148738.403451,ok
intel,cholmod-5,cn512-24-l,group2,inla_graph_diff.mtx,21529,200017,2,32,1,0.021945,0.051346,1.60,667868,3.3391,0,0,0,148738.403451,ok
intel,cholmod-5,cn512-24-l,group2,inla_graph_diff.mtx,21529,200017,2,40,1,0.021578,0.052045,1.57,667868,3.3391,0,0,0,148738.403451,ok
intel,cholmod-5,cn512-24-l,group2,inla_graph_ferris.mtx,42961,650694,2,1,1,0.131335,0.147303,5.63,3716908,5.7122,0,0,0,296806.395604,ok
intel,cholmod-5,cn512-24-l,group2,inla_graph_ferris.mtx,42961,650694,2,2,1,0.129432,0.146490,5.66,3716908,5.7122,0,0,0,296806.395604,ok
intel,cholmod-5,cn512-24-l,group2,inla_graph_ferris.mtx,42961,650694,2,4,1,0.130011,0.146296,5.67,3716908,5.7122,0,0,0,296806.395604,ok
intel,cholmod-5,cn512-24-l,group2,inla_graph_ferris.mtx,42961,650694,2,8,1,0.129529,0.142611,5.81,3716908,5.7122,0,0,0,296806.395604,ok
intel,cholmod-5,cn512-24-l,group2,inla_graph_ferris.mtx,42961,650694,2,16,1,0.126709,0.146262,5.67,3716908,5.7122,0,0,0,296806.395604,ok
intel,cholmod-5,cn512-24-l,group2,inla_graph_ferris.mtx,42961,650694,2,32,1,0.129522,0.153641,5.40,3716908,5.7122,0,0,0,296806.395604,ok
intel,cholmod-5,cn512-24-l,group2,inla_graph_ferris.mtx,42961,650694,2,40,1,0.130014,0.159794,5.19,3716908,5.7122,0,0,0,296806.395604,ok
intel,cholmod-5,cn512-24-l,group2,inla_graph_lidense.mtx,12509,17292917,2,1,1,0.950512,1.545127,43.74,17297231,1.0002,0,0,0,63088.656419,ok
intel,cholmod-5,cn512-24-l,group2,inla_graph_lidense.mtx,12509,17292917,2,2,1,0.951611,1.011528,66.81,17297231,1.0002,0,0,0,63088.656419,ok
intel,cholmod-5,cn512-24-l,group2,inla_graph_lidense.mtx,12509,17292917,2,4,1,0.951934,0.729731,92.60,17297231,1.0002,0,0,0,63088.656419,ok
intel,cholmod-5,cn512-24-l,group2,inla_graph_lidense.mtx,12509,17292917,2,8,1,0.952872,0.593447,113.87,17297231,1.0002,0,0,0,63088.656419,ok
intel,cholmod-5,cn512-24-l,group2,inla_graph_lidense.mtx,12509,17292917,2,16,1,0.950630,0.526058,128.46,17297231,1.0002,0,0,0,63088.656419,ok
intel,cholmod-5,cn512-24-l,group2,inla_graph_lidense.mtx,12509,17292917,2,32,1,0.949097,0.501272,134.81,17297231,1.0002,0,0,0,63088.656419,ok
intel,cholmod-5,cn512-24-l,group2,inla_graph_lidense.mtx,12509,17292917,2,40,1,0.951273,0.496378,136.14,17297231,1.0002,0,0,0,63088.656419,ok
intel,cholmod-5,cn512-24-l,group2,inla_graph_net1628760.mtx,1628760,14802802,2,1,1,4.436876,8.572205,3.01,117565585,7.9421,0,0,0,15010645.235031,ok
intel,cholmod-5,cn512-24-l,group2,inla_graph_net1628760.mtx,1628760,14802802,2,2,1,4.423197,6.425373,4.02,117565585,7.9421,0,0,0,15010645.235031,ok
intel,cholmod-5,cn512-24-l,group2,inla_graph_net1628760.mtx,1628760,14802802,2,4,1,4.413001,4.990809,5.17,117565585,7.9421,0,0,0,15010645.235031,ok
intel,cholmod-5,cn512-24-l,group2,inla_graph_net1628760.mtx,1628760,14802802,2,8,1,4.403327,4.153016,6.21,117565585,7.9421,0,0,0,15010645.235031,ok
intel,cholmod-5,cn512-24-l,group2,inla_graph_net1628760.mtx,1628760,14802802,2,16,1,4.389874,3.696230,6.98,117565585,7.9421,0,0,0,15010645.235031,ok
intel,cholmod-5,cn512-24-l,group2,inla_graph_net1628760.mtx,1628760,14802802,2,32,1,4.398002,3.718007,6.94,117565585,7.9421,0,0,0,15010645.235031,ok
intel,cholmod-5,cn512-24-l,group2,inla_graph_net1628760.mtx,1628760,14802802,2,40,1,4.412865,4.103463,6.29,117565585,7.9421,0,0,0,15010645.235031,ok
intel,cholmod-5,cn512-24-l,group2,inla_graph_net814381.mtx,81438,189532,2,1,1,0.047675,0.013419,0.25,390080,2.0581,0,0,0,562716.164997,ok
intel,cholmod-5,cn512-24-l,group2,inla_graph_net814381.mtx,81438,189532,2,2,1,0.048311,0.013517,0.25,390080,2.0581,0,0,0,562716.164997,ok
intel,cholmod-5,cn512-24-l,group2,inla_graph_net814381.mtx,81438,189532,2,4,1,0.047356,0.013440,0.25,390080,2.0581,0,0,0,562716.164997,ok
intel,cholmod-5,cn512-24-l,group2,inla_graph_net814381.mtx,81438,189532,2,8,1,0.047481,0.013433,0.25,390080,2.0581,0,0,0,562716.164997,ok
intel,cholmod-5,cn512-24-l,group2,inla_graph_net814381.mtx,81438,189532,2,16,1,0.047722,0.013233,0.25,390080,2.0581,0,0,0,562716.164997,ok
intel,cholmod-5,cn512-24-l,group2,inla_graph_net814381.mtx,81438,189532,2,32,1,0.048207,0.013879,0.24,390080,2.0581,0,0,0,562716.164997,ok
intel,cholmod-5,cn512-24-l,group2,inla_graph_net814381.mtx,81438,189532,2,40,1,0.048417,0.013265,0.25,390080,2.0581,0,0,0,562716.164997,ok
intel,cholmod-5,cn512-24-l,group2,inla_graph_pedigree.mtx,92699,277983,2,1,1,0.070175,0.005753,0.15,279530,1.0056,0,0,0,63818.060914,ok
intel,cholmod-5,cn512-24-l,group2,inla_graph_pedigree.mtx,92699,277983,2,2,1,0.069518,0.005744,0.15,279530,1.0056,0,0,0,63818.060914,ok
intel,cholmod-5,cn512-24-l,group2,inla_graph_pedigree.mtx,92699,277983,2,4,1,0.069827,0.005665,0.15,279530,1.0056,0,0,0,63818.060914,ok
intel,cholmod-5,cn512-24-l,group2,inla_graph_pedigree.mtx,92699,277983,2,8,1,0.070232,0.005669,0.15,279530,1.0056,0,0,0,63818.060914,ok
intel,cholmod-5,cn512-24-l,group2,inla_graph_pedigree.mtx,92699,277983,2,16,1,0.069855,0.005568,0.15,279530,1.0056,0,0,0,63818.060914,ok
intel,cholmod-5,cn512-24-l,group2,inla_graph_pedigree.mtx,92699,277983,2,32,1,0.070056,0.005708,0.15,279530,1.0056,0,0,0,63818.060914,ok
intel,cholmod-5,cn512-24-l,group2,inla_graph_pedigree.mtx,92699,277983,2,40,1,0.070156,0.005846,0.15,279530,1.0056,0,0,0,63818.060914,ok
intel,cholmod-5,cn512-24-l,group2,inla_graph_sem_n100000.mtx,600006,2700006,2,1,1,0.153180,0.162355,0.18,4200021,1.5556,0,0,0,1144438.478597,ok
intel,cholmod-5,cn512-24-l,group2,inla_graph_sem_n100000.mtx,600006,2700006,2,2,1,0.154557,0.164400,0.18,4200021,1.5556,0,0,0,1144438.478597,ok
intel,cholmod-5,cn512-24-l,group2,inla_graph_sem_n100000.mtx,600006,2700006,2,4,1,0.152726,0.163504,0.18,4200021,1.5556,0,0,0,1144438.478597,ok
intel,cholmod-5,cn512-24-l,group2,inla_graph_sem_n100000.mtx,600006,2700006,2,8,1,0.153046,0.162933,0.18,4200021,1.5556,0,0,0,1144438.478597,ok
intel,cholmod-5,cn512-24-l,group2,inla_graph_sem_n100000.mtx,600006,2700006,2,16,1,0.153911,0.163694,0.18,4200021,1.5556,0,0,0,1144438.478597,ok
intel,cholmod-5,cn512-24-l,group2,inla_graph_sem_n100000.mtx,600006,2700006,2,32,1,0.152660,0.164288,0.18,4200021,1.5556,0,0,0,1144438.478597,ok
intel,cholmod-5,cn512-24-l,group2,inla_graph_sem_n100000.mtx,600006,2700006,2,40,1,0.153478,0.163744,0.18,4200021,1.5556,0,0,0,1144438.478597,ok
intel,cholmod-5,cn512-24-l,group2,inla_graph_sem_n20000.mtx,120006,540006,2,1,1,0.026582,0.020936,0.28,840021,1.5556,0,0,0,228932.502579,ok
intel,cholmod-5,cn512-24-l,group2,inla_graph_sem_n20000.mtx,120006,540006,2,2,1,0.026725,0.020822,0.28,840021,1.5556,0,0,0,228932.502579,ok
intel,cholmod-5,cn512-24-l,group2,inla_graph_sem_n20000.mtx,120006,540006,2,4,1,0.026484,0.020697,0.28,840021,1.5556,0,0,0,228932.502579,ok
intel,cholmod-5,cn512-24-l,group2,inla_graph_sem_n20000.mtx,120006,540006,2,8,1,0.026663,0.020718,0.28,840021,1.5556,0,0,0,228932.502579,ok
intel,cholmod-5,cn512-24-l,group2,inla_graph_sem_n20000.mtx,120006,540006,2,16,1,0.027124,0.021148,0.28,840021,1.5556,0,0,0,228932.502579,ok
intel,cholmod-5,cn512-24-l,group2,inla_graph_sem_n20000.mtx,120006,540006,2,32,1,0.026853,0.021093,0.28,840021,1.5556,0,0,0,228932.502579,ok
intel,cholmod-5,cn512-24-l,group2,inla_graph_sem_n20000.mtx,120006,540006,2,40,1,0.026395,0.021037,0.28,840021,1.5556,0,0,0,228932.502579,ok
intel,cholmod-5,cn512-24-l,group2,inla_graph_sem_n2000.mtx,12006,54006,2,1,1,0.002481,0.001514,0.39,84021,1.5558,0,0,0,22932.018332,ok
intel,cholmod-5,cn512-24-l,group2,inla_graph_sem_n2000.mtx,12006,54006,2,2,1,0.002469,0.001529,0.38,84021,1.5558,0,0,0,22932.018332,ok
intel,cholmod-5,cn512-24-l,group2,inla_graph_sem_n2000.mtx,12006,54006,2,4,1,0.002459,0.001527,0.39,84021,1.5558,0,0,0,22932.018332,ok
intel,cholmod-5,cn512-24-l,group2,inla_graph_sem_n2000.mtx,12006,54006,2,8,1,0.002444,0.001531,0.38,84021,1.5558,0,0,0,22932.018332,ok
intel,cholmod-5,cn512-24-l,group2,inla_graph_sem_n2000.mtx,12006,54006,2,16,1,0.002475,0.001515,0.39,84021,1.5558,0,0,0,22932.018332,ok
intel,cholmod-5,cn512-24-l,group2,inla_graph_sem_n2000.mtx,12006,54006,2,32,1,0.002476,0.001514,0.39,84021,1.5558,0,0,0,22932.018332,ok
intel,cholmod-5,cn512-24-l,group2,inla_graph_sem_n2000.mtx,12006,54006,2,40,1,0.002470,0.001509,0.39,84021,1.5558,0,0,0,22932.018332,ok
intel,cholmod-5,cn512-24-l,group2,inla_graph_sem_n5000.mtx,30006,135006,2,1,1,0.006752,0.004158,0.35,210021,1.5556,0,0,0,57268.625938,ok
intel,cholmod-5,cn512-24-l,group2,inla_graph_sem_n5000.mtx,30006,135006,2,2,1,0.006445,0.004145,0.35,210021,1.5556,0,0,0,57268.625938,ok
intel,cholmod-5,cn512-24-l,group2,inla_graph_sem_n5000.mtx,30006,135006,2,4,1,0.006377,0.004130,0.36,210021,1.5556,0,0,0,57268.625938,ok
intel,cholmod-5,cn512-24-l,group2,inla_graph_sem_n5000.mtx,30006,135006,2,8,1,0.006489,0.004150,0.35,210021,1.5556,0,0,0,57268.625938,ok
intel,cholmod-5,cn512-24-l,group2,inla_graph_sem_n5000.mtx,30006,135006,2,16,1,0.006469,0.004157,0.35,210021,1.5556,0,0,0,57268.625938,ok
intel,cholmod-5,cn512-24-l,group2,inla_graph_sem_n5000.mtx,30006,135006,2,32,1,0.006430,0.004144,0.35,210021,1.5556,0,0,0,57268.625938,ok
intel,cholmod-5,cn512-24-l,group2,inla_graph_sem_n5000.mtx,30006,135006,2,40,1,0.006369,0.004135,0.36,210021,1.5556,0,0,0,57268.625938,ok
intel,cholmod-5,cn512-24-l,group2,inla_graph_sh7Pgi.mtx,15815,55395,2,1,1,0.008520,0.003844,0.60,121538,2.1940,0,0,0,19313.431183,ok
intel,cholmod-5,cn512-24-l,group2,inla_graph_sh7Pgi.mtx,15815,55395,2,2,1,0.008471,0.003796,0.60,121538,2.1940,0,0,0,19313.431183,ok
intel,cholmod-5,cn512-24-l,group2,inla_graph_sh7Pgi.mtx,15815,55395,2,4,1,0.008468,0.003866,0.59,121538,2.1940,0,0,0,19313.431183,ok
intel,cholmod-5,cn512-24-l,group2,inla_graph_sh7Pgi.mtx,15815,55395,2,8,1,0.008488,0.003820,0.60,121538,2.1940,0,0,0,19313.431183,ok
intel,cholmod-5,cn512-24-l,group2,inla_graph_sh7Pgi.mtx,15815,55395,2,16,1,0.008500,0.003795,0.60,121538,2.1940,0,0,0,19313.431183,ok
intel,cholmod-5,cn512-24-l,group2,inla_graph_sh7Pgi.mtx,15815,55395,2,32,1,0.008473,0.003823,0.60,121538,2.1940,0,0,0,19313.431183,ok
intel,cholmod-5,cn512-24-l,group2,inla_graph_sh7Pgi.mtx,15815,55395,2,40,1,0.008497,0.003884,0.59,121538,2.1940,0,0,0,19313.431183,ok
intel,cholmod-5,cn512-24-l,group2,inla_graph_spacetime.mtx,24931,644273,2,1,1,0.539280,0.463815,40.68,17076865,26.5056,0,0,0,172241.555257,ok
intel,cholmod-5,cn512-24-l,group2,inla_graph_spacetime.mtx,24931,644273,2,2,1,0.538975,0.326450,57.79,17076865,26.5056,0,0,0,172241.555257,ok
intel,cholmod-5,cn512-24-l,group2,inla_graph_spacetime.mtx,24931,644273,2,4,1,0.539747,0.242440,77.82,17076865,26.5056,0,0,0,172241.555257,ok
intel,cholmod-5,cn512-24-l,group2,inla_graph_spacetime.mtx,24931,644273,2,8,1,0.540235,0.205280,91.91,17076865,26.5056,0,0,0,172241.555257,ok
intel,cholmod-5,cn512-24-l,group2,inla_graph_spacetime.mtx,24931,644273,2,16,1,0.539599,0.187648,100.55,17076865,26.5056,0,0,0,172241.555257,ok
intel,cholmod-5,cn512-24-l,group2,inla_graph_spacetime.mtx,24931,644273,2,32,1,0.539105,0.256349,73.60,17076865,26.5056,0,0,0,172241.555257,ok
intel,cholmod-5,cn512-24-l,group2,inla_graph_spacetime.mtx,24931,644273,2,40,1,0.539545,0.367711,51.31,17076865,26.5056,0,0,0,172241.555257,ok
intel,cholmod-5,cn512-24-l,group2,inla_graph_stcov.mtx,24300,7388370,2,1,1,0.621662,1.030094,9.75,13558876,1.8352,0,0,0,96697.995916,ok
intel,cholmod-5,cn512-24-l,group2,inla_graph_stcov.mtx,24300,7388370,2,2,1,0.624371,1.097570,9.15,13558876,1.8352,0,0,0,96697.995916,ok
intel,cholmod-5,cn512-24-l,group2,inla_graph_stcov.mtx,24300,7388370,2,4,1,0.623153,1.040211,9.66,13558876,1.8352,0,0,0,96697.995916,ok
intel,cholmod-5,cn512-24-l,group2,inla_graph_stcov.mtx,24300,7388370,2,8,1,0.621200,1.040725,9.65,13558876,1.8352,0,0,0,96697.995916,ok
intel,cholmod-5,cn512-24-l,group2,inla_graph_stcov.mtx,24300,7388370,2,16,1,0.622882,1.045425,9.61,13558876,1.8352,0,0,0,96697.995916,ok
intel,cholmod-5,cn512-24-l,group2,inla_graph_stcov.mtx,24300,7388370,2,32,1,0.623143,1.571310,6.39,13558876,1.8352,0,0,0,96697.995916,ok
intel,cholmod-5,cn512-24-l,group2,inla_graph_stcov.mtx,24300,7388370,2,40,1,0.621687,1.577859,6.37,13558876,1.8352,0,0,0,96697.995916,ok
intel,cholmod-5,cn512-24-l,group2,inla_graph_yU0G1u.mtx,1517823,9238726,2,1,1,1.047829,1.564008,0.16,16748669,1.8129,0,0,0,10494796.183021,ok
intel,cholmod-5,cn512-24-l,group2,inla_graph_yU0G1u.mtx,1517823,9238726,2,2,1,1.054287,1.564435,0.16,16748669,1.8129,0,0,0,10494796.183021,ok
intel,cholmod-5,cn512-24-l,group2,inla_graph_yU0G1u.mtx,1517823,9238726,2,4,1,1.044145,1.554866,0.16,16748669,1.8129,0,0,0,10494796.183021,ok
intel,cholmod-5,cn512-24-l,group2,inla_graph_yU0G1u.mtx,1517823,9238726,2,8,1,1.050668,1.562075,0.16,16748669,1.8129,0,0,0,10494796.183021,ok
intel,cholmod-5,cn512-24-l,group2,inla_graph_yU0G1u.mtx,1517823,9238726,2,16,1,1.047901,1.555393,0.16,16748669,1.8129,0,0,0,10494796.183021,ok
intel,cholmod-5,cn512-24-l,group2,inla_graph_yU0G1u.mtx,1517823,9238726,2,32,1,1.045632,1.559985,0.16,16748669,1.8129,0,0,0,10494796.183021,ok
intel,cholmod-5,cn512-24-l,group2,inla_graph_yU0G1u.mtx,1517823,9238726,2,40,1,1.046814,1.562359,0.16,16748669,1.8129,0,0,0,10494796.183021,ok
intel,cholmod-5,cn512-24-l,group3,audikw_1.mtx,943695,39297771,2,1,1,13.749866,93.686220,59.70,1212803862,30.8619,0,0,0,13250134.821288,ok
intel,cholmod-5,cn512-24-l,group3,audikw_1.mtx,943695,39297771,2,2,1,13.751295,53.966303,103.65,1212803862,30.8619,0,0,0,13250134.821288,ok
intel,cholmod-5,cn512-24-l,group3,audikw_1.mtx,943695,39297771,2,4,1,13.736738,31.353630,178.40,1212803862,30.8619,0,0,0,13250134.821288,ok
intel,cholmod-5,cn512-24-l,group3,audikw_1.mtx,943695,39297771,2,8,1,13.753617,19.709368,283.79,1212803862,30.8619,0,0,0,13250134.821288,ok
intel,cholmod-5,cn512-24-l,group3,audikw_1.mtx,943695,39297771,2,16,1,13.754189,14.955853,373.99,1212803862,30.8619,0,0,0,13250134.821288,ok
intel,cholmod-5,cn512-24-l,group3,audikw_1.mtx,943695,39297771,2,32,1,13.749996,14.742451,379.41,1212803862,30.8619,0,0,0,13250134.821288,ok
intel,cholmod-5,cn512-24-l,group3,audikw_1.mtx,943695,39297771,2,40,1,13.744574,17.133652,326.46,1212803862,30.8619,0,0,0,13250134.821288,ok
intel,cholmod-5,cn512-24-l,group3,bmw3_2.mtx,227362,5757996,2,1,1,1.210611,0.953391,24.96,43372533,7.5326,0,0,0,870813.977559,ok
intel,cholmod-5,cn512-24-l,group3,bmw3_2.mtx,227362,5757996,2,2,1,1.209655,0.834905,28.51,43372533,7.5326,0,0,0,870813.977559,ok
intel,cholmod-5,cn512-24-l,group3,bmw3_2.mtx,227362,5757996,2,4,1,1.209975,0.754198,31.56,43372533,7.5326,0,0,0,870813.977559,ok
intel,cholmod-5,cn512-24-l,group3,bmw3_2.mtx,227362,5757996,2,8,1,1.215093,0.694285,34.28,43372533,7.5326,0,0,0,870813.977559,ok
intel,cholmod-5,cn512-24-l,group3,bmw3_2.mtx,227362,5757996,2,16,1,1.210444,0.684801,34.76,43372533,7.5326,0,0,0,870813.977559,ok
intel,cholmod-5,cn512-24-l,group3,bmw3_2.mtx,227362,5757996,2,32,1,1.211313,0.828788,28.72,43372533,7.5326,0,0,0,870813.977559,ok
intel,cholmod-5,cn512-24-l,group3,bmw3_2.mtx,227362,5757996,2,40,1,1.212996,0.963801,24.69,43372533,7.5326,0,0,0,870813.977559,ok
intel,cholmod-5,cn512-24-l,group3,bmw7st_1.mtx,141347,3740507,2,1,1,0.628838,0.496246,21.08,24774787,6.6234,0,0,0,2004368.519203,ok
intel,cholmod-5,cn512-24-l,group3,bmw7st_1.mtx,141347,3740507,2,2,1,0.632858,0.451816,23.15,24774787,6.6234,0,0,0,2004368.519203,ok
intel,cholmod-5,cn512-24-l,group3,bmw7st_1.mtx,141347,3740507,2,4,1,0.631923,0.418885,24.97,24774787,6.6234,0,0,0,2004368.519203,ok
intel,cholmod-5,cn512-24-l,group3,bmw7st_1.mtx,141347,3740507,2,8,1,0.628206,0.396716,26.37,24774787,6.6234,0,0,0,2004368.519203,ok
intel,cholmod-5,cn512-24-l,group3,bmw7st_1.mtx,141347,3740507,2,16,1,0.626608,0.393739,26.57,24774787,6.6234,0,0,0,2004368.519203,ok
intel,cholmod-5,cn512-24-l,group3,bmw7st_1.mtx,141347,3740507,2,32,1,0.631806,0.485438,21.55,24774787,6.6234,0,0,0,2004368.519203,ok
intel,cholmod-5,cn512-24-l,group3,bmw7st_1.mtx,141347,3740507,2,40,1,0.629039,0.539003,19.41,24774787,6.6234,0,0,0,2004368.519203,ok
intel,cholmod-5,cn512-24-l,group3,crankseg_1.mtx,52804,5333507,2,1,1,0.674340,0.819805,35.61,31883440,5.9780,0,0,0,788123.039354,ok
intel,cholmod-5,cn512-24-l,group3,crankseg_1.mtx,52804,5333507,2,2,1,0.680101,0.616839,47.33,31883440,5.9780,0,0,0,788123.039354,ok
intel,cholmod-5,cn512-24-l,group3,crankseg_1.mtx,52804,5333507,2,4,1,0.681337,0.496433,58.81,31883440,5.9780,0,0,0,788123.039354,ok
intel,cholmod-5,cn512-24-l,group3,crankseg_1.mtx,52804,5333507,2,8,1,0.675999,0.429168,68.03,31883440,5.9780,0,0,0,788123.039354,ok
intel,cholmod-5,cn512-24-l,group3,crankseg_1.mtx,52804,5333507,2,16,1,0.675381,0.394599,73.99,31883440,5.9780,0,0,0,788123.039354,ok
intel,cholmod-5,cn512-24-l,group3,crankseg_1.mtx,52804,5333507,2,32,1,0.679757,0.536025,54.47,31883440,5.9780,0,0,0,788123.039354,ok
intel,cholmod-5,cn512-24-l,group3,crankseg_1.mtx,52804,5333507,2,40,1,0.683298,0.585575,49.86,31883440,5.9780,0,0,0,788123.039354,ok
intel,cholmod-5,cn512-24-l,group3,crankseg_2.mtx,63838,7106348,2,1,1,0.852118,1.159682,37.43,42067966,5.9198,0,0,0,958670.877656,ok
intel,cholmod-5,cn512-24-l,group3,crankseg_2.mtx,63838,7106348,2,2,1,0.855454,0.847120,51.24,42067966,5.9198,0,0,0,958670.877656,ok
intel,cholmod-5,cn512-24-l,group3,crankseg_2.mtx,63838,7106348,2,4,1,0.852965,0.676466,64.16,42067966,5.9198,0,0,0,958670.877656,ok
intel,cholmod-5,cn512-24-l,group3,crankseg_2.mtx,63838,7106348,2,8,1,0.855659,0.562619,77.15,42067966,5.9198,0,0,0,958670.877656,ok
intel,cholmod-5,cn512-24-l,group3,crankseg_2.mtx,63838,7106348,2,16,1,0.853022,0.524384,82.77,42067966,5.9198,0,0,0,958670.877656,ok
intel,cholmod-5,cn512-24-l,group3,crankseg_2.mtx,63838,7106348,2,32,1,0.852360,0.677714,64.05,42067966,5.9198,0,0,0,958670.877656,ok
intel,cholmod-5,cn512-24-l,group3,crankseg_2.mtx,63838,7106348,2,40,1,0.850805,0.785075,55.29,42067966,5.9198,0,0,0,958670.877656,ok
intel,cholmod-5,cn512-24-l,group3,hood.mtx,220542,5494489,2,1,1,0.310224,0.569739,15.31,26463990,4.8165,0,0,0,2743610.549032,ok
intel,cholmod-5,cn512-24-l,group3,hood.mtx,220542,5494489,2,2,1,0.309878,0.545063,16.01,26463990,4.8165,0,0,0,2743610.549032,ok
intel,cholmod-5,cn512-24-l,group3,hood.mtx,220542,5494489,2,4,1,0.310155,0.527171,16.55,26463990,4.8165,0,0,0,2743610.549032,ok
intel,cholmod-5,cn512-24-l,group3,hood.mtx,220542,5494489,2,8,1,0.310178,0.498361,17.51,26463990,4.8165,0,0,0,2743610.549032,ok
intel,cholmod-5,cn512-24-l,group3,hood.mtx,220542,5494489,2,16,1,0.309439,0.489988,17.80,26463990,4.8165,0,0,0,2743610.549032,ok
intel,cholmod-5,cn512-24-l,group3,hood.mtx,220542,5494489,2,32,1,0.310564,0.600881,14.52,26463990,4.8165,0,0,0,2743610.549032,ok
intel,cholmod-5,cn512-24-l,group3,hood.mtx,220542,5494489,2,40,1,0.309457,0.664816,13.12,26463990,4.8165,0,0,0,2743610.549032,ok
intel,cholmod-5,cn512-24-l,group3,oilpan.mtx,73752,1835470,2,1,1,0.087054,0.207543,20.16,10134502,5.5215,0,0,0,689360.319008,ok
intel,cholmod-5,cn512-24-l,group3,oilpan.mtx,73752,1835470,2,2,1,0.087284,0.190247,21.99,10134502,5.5215,0,0,0,689360.319008,ok
intel,cholmod-5,cn512-24-l,group3,oilpan.mtx,73752,1835470,2,4,1,0.087078,0.176885,23.65,10134502,5.5215,0,0,0,689360.319008,ok
intel,cholmod-5,cn512-24-l,group3,oilpan.mtx,73752,1835470,2,8,1,0.086568,0.160150,26.12,10134502,5.5215,0,0,0,689360.319008,ok
intel,cholmod-5,cn512-24-l,group3,oilpan.mtx,73752,1835470,2,16,1,0.084633,0.163588,25.57,10134502,5.5215,0,0,0,689360.319008,ok
intel,cholmod-5,cn512-24-l,group3,oilpan.mtx,73752,1835470,2,32,1,0.086409,0.197562,21.18,10134502,5.5215,0,0,0,689360.319008,ok
intel,cholmod-5,cn512-24-l,group3,oilpan.mtx,73752,1835470,2,40,1,0.085552,0.206710,20.24,10134502,5.5215,0,0,0,689360.319008,ok
intel,cholmod-5,cn512-24-l,group3,pwtk.mtx,217918,5926171,2,1,1,0.810520,0.870039,25.03,47574490,8.0279,0,0,0,2174305.960359,ok
intel,cholmod-5,cn512-24-l,group3,pwtk.mtx,217918,5926171,2,2,1,0.810491,0.788690,27.62,47574490,8.0279,0,0,0,2174305.960359,ok
intel,cholmod-5,cn512-24-l,group3,pwtk.mtx,217918,5926171,2,4,1,0.810359,0.728062,29.92,47574490,8.0279,0,0,0,2174305.960359,ok
intel,cholmod-5,cn512-24-l,group3,pwtk.mtx,217918,5926171,2,8,1,0.810805,0.678517,32.10,47574490,8.0279,0,0,0,2174305.960359,ok
intel,cholmod-5,cn512-24-l,group3,pwtk.mtx,217918,5926171,2,16,1,0.812736,0.671624,32.43,47574490,8.0279,0,0,0,2174305.960359,ok
intel,cholmod-5,cn512-24-l,group3,pwtk.mtx,217918,5926171,2,32,1,0.810382,0.804645,27.07,47574490,8.0279,0,0,0,2174305.960359,ok
intel,cholmod-5,cn512-24-l,group3,pwtk.mtx,217918,5926171,2,40,1,0.807910,0.927090,23.49,47574490,8.0279,0,0,0,2174305.960359,ok
intel,cholmod-5,cn512-24-l,group3,ship_001.mtx,34920,2339575,2,1,1,0.222141,0.300403,31.79,14885041,6.3623,0,0,0,761021.440521,ok
intel,cholmod-5,cn512-24-l,group3,ship_001.mtx,34920,2339575,2,2,1,0.221266,0.241711,39.51,14885041,6.3623,0,0,0,761021.440521,ok
intel,cholmod-5,cn512-24-l,group3,ship_001.mtx,34920,2339575,2,4,1,0.222113,0.205683,46.43,14885041,6.3623,0,0,0,761021.440521,ok
intel,cholmod-5,cn512-24-l,group3,ship_001.mtx,34920,2339575,2,8,1,0.224026,0.183717,51.98,14885041,6.3623,0,0,0,761021.440521,ok
intel,cholmod-5,cn512-24-l,group3,ship_001.mtx,34920,2339575,2,16,1,0.223866,0.182786,52.24,14885041,6.3623,0,0,0,761021.440521,ok
intel,cholmod-5,cn512-24-l,group3,ship_001.mtx,34920,2339575,2,32,1,0.221739,0.247231,38.62,14885041,6.3623,0,0,0,761021.440521,ok
intel,cholmod-5,cn512-24-l,group3,ship_001.mtx,34920,2339575,2,40,1,0.222305,0.272474,35.05,14885041,6.3623,0,0,0,761021.440521,ok
intel,cholmod-5,cn512-24-l,group3,ship_003.mtx,121728,4103881,2,1,1,0.562122,1.739389,44.59,59517037,14.5026,0,0,0,3027162.435567,ok
intel,cholmod-5,cn512-24-l,group3,ship_003.mtx,121728,4103881,2,2,1,0.561824,1.214301,63.87,59517037,14.5026,0,0,0,3027162.435567,ok
intel,cholmod-5,cn512-24-l,group3,ship_003.mtx,121728,4103881,2,4,1,0.563248,0.901870,86.00,59517037,14.5026,0,0,0,3027162.435567,ok
intel,cholmod-5,cn512-24-l,group3,ship_003.mtx,121728,4103881,2,8,1,0.560912,0.719725,107.76,59517037,14.5026,0,0,0,3027162.435567,ok
intel,cholmod-5,cn512-24-l,group3,ship_003.mtx,121728,4103881,2,16,1,0.562627,0.662596,117.05,59517037,14.5026,0,0,0,3027162.435567,ok
intel,cholmod-5,cn512-24-l,group3,ship_003.mtx,121728,4103881,2,32,1,0.559832,0.845371,91.75,59517037,14.5026,0,0,0,3027162.435567,ok
intel,cholmod-5,cn512-24-l,group3,ship_003.mtx,121728,4103881,2,40,1,0.561447,0.907044,85.51,59517037,14.5026,0,0,0,3027162.435567,ok
intel,cholmod-5,cn512-24-l,group3,shipsec1.mtx,140874,3977139,2,1,1,0.538392,0.920382,36.79,37667019,9.4709,0,0,0,2428800.243053,ok
intel,cholmod-5,cn512-24-l,group3,shipsec1.mtx,140874,3977139,2,2,1,0.538732,0.717719,47.18,37667019,9.4709,0,0,0,2428800.243053,ok
intel,cholmod-5,cn512-24-l,group3,shipsec1.mtx,140874,3977139,2,4,1,0.537371,0.590853,57.30,37667019,9.4709,0,0,0,2428800.243053,ok
intel,cholmod-5,cn512-24-l,group3,shipsec1.mtx,140874,3977139,2,8,1,0.538818,0.508534,66.58,37667019,9.4709,0,0,0,2428800.243053,ok
intel,cholmod-5,cn512-24-l,group3,shipsec1.mtx,140874,3977139,2,16,1,0.540060,0.493751,68.57,37667019,9.4709,0,0,0,2428800.243053,ok
intel,cholmod-5,cn512-24-l,group3,shipsec1.mtx,140874,3977139,2,32,1,0.538122,0.606362,55.84,37667019,9.4709,0,0,0,2428800.243053,ok
intel,cholmod-5,cn512-24-l,group3,shipsec1.mtx,140874,3977139,2,40,1,0.537789,0.674839,50.17,37667019,9.4709,0,0,0,2428800.243053,ok
intel,cholmod-5,cn512-24-l,group3,shipsec5.mtx,179860,5146478,2,1,1,0.804517,1.619429,40.43,51020048,9.9136,0,0,0,3087007.611753,ok
intel,cholmod-5,cn512-24-l,group3,shipsec5.mtx,179860,5146478,2,2,1,0.803258,1.166833,56.11,51020048,9.9136,0,0,0,3087007.611753,ok
intel,cholmod-5,cn512-24-l,group3,shipsec5.mtx,179860,5146478,2,4,1,0.803314,0.922416,70.98,51020048,9.9136,0,0,0,3087007.611753,ok
intel,cholmod-5,cn512-24-l,group3,shipsec5.mtx,179860,5146478,2,8,1,0.803667,0.776119,84.36,51020048,9.9136,0,0,0,3087007.611753,ok
intel,cholmod-5,cn512-24-l,group3,shipsec5.mtx,179860,5146478,2,16,1,0.806288,0.758952,86.27,51020048,9.9136,0,0,0,3087007.611753,ok
intel,cholmod-5,cn512-24-l,group3,shipsec5.mtx,179860,5146478,2,32,1,0.803651,0.871985,75.09,51020048,9.9136,0,0,0,3087007.611753,ok
intel,cholmod-5,cn512-24-l,group3,shipsec5.mtx,179860,5146478,2,40,1,0.802545,0.967019,67.71,51020048,9.9136,0,0,0,3087007.611753,ok
intel,cholmod-5,cn512-24-l,group3,shipsec8.mtx,114919,3384159,2,1,1,0.454889,0.888581,38.21,34709472,10.2565,0,0,0,1908694.357910,ok
intel,cholmod-5,cn512-24-l,group3,shipsec8.mtx,114919,3384159,2,2,1,0.453602,0.669787,50.69,34709472,10.2565,0,0,0,1908694.357910,ok
intel,cholmod-5,cn512-24-l,group3,shipsec8.mtx,114919,3384159,2,4,1,0.456682,0.528830,64.20,34709472,10.2565,0,0,0,1908694.357910,ok
intel,cholmod-5,cn512-24-l,group3,shipsec8.mtx,114919,3384159,2,8,1,0.454238,0.464094,73.16,34709472,10.2565,0,0,0,1908694.357910,ok
intel,cholmod-5,cn512-24-l,group3,shipsec8.mtx,114919,3384159,2,16,1,0.453099,0.436870,77.72,34709472,10.2565,0,0,0,1908694.357910,ok
intel,cholmod-5,cn512-24-l,group3,shipsec8.mtx,114919,3384159,2,32,1,0.454747,0.531225,63.91,34709472,10.2565,0,0,0,1908694.357910,ok
intel,cholmod-5,cn512-24-l,group3,shipsec8.mtx,114919,3384159,2,40,1,0.453892,0.603687,56.24,34709472,10.2565,0,0,0,1908694.357910,ok
intel,cholmod-5,cn512-24-l,group4,bone010.mtx,986703,36326514,2,1,1,11.718643,64.138903,58.15,1042011219,28.6846,0,0,0,9290397.483105,ok
intel,cholmod-5,cn512-24-l,group4,bone010.mtx,986703,36326514,2,2,1,11.705735,38.053886,98.01,1042011219,28.6846,0,0,0,9290397.483105,ok
intel,cholmod-5,cn512-24-l,group4,bone010.mtx,986703,36326514,2,4,1,11.717712,22.995487,162.19,1042011219,28.6846,0,0,0,9290397.483105,ok
intel,cholmod-5,cn512-24-l,group4,bone010.mtx,986703,36326514,2,8,1,11.726845,15.069973,247.50,1042011219,28.6846,0,0,0,9290397.483105,ok
intel,cholmod-5,cn512-24-l,group4,bone010.mtx,986703,36326514,2,16,1,11.713357,11.849386,314.76,1042011219,28.6846,0,0,0,9290397.483105,ok
intel,cholmod-5,cn512-24-l,group4,bone010.mtx,986703,36326514,2,32,1,11.715110,12.464974,299.22,1042011219,28.6846,0,0,0,9290397.483105,ok
intel,cholmod-5,cn512-24-l,group4,bone010.mtx,986703,36326514,2,40,1,11.720591,14.405609,258.91,1042011219,28.6846,0,0,0,9290397.483105,ok
intel,cholmod-5,cn512-24-l,group4,boneS01.mtx,127224,3421188,2,1,1,0.934094,1.061370,37.96,37648500,11.0045,0,0,0,1103927.369836,ok
intel,cholmod-5,cn512-24-l,group4,boneS01.mtx,127224,3421188,2,2,1,0.935467,0.799095,50.42,37648500,11.0045,0,0,0,1103927.369836,ok
intel,cholmod-5,cn512-24-l,group4,boneS01.mtx,127224,3421188,2,4,1,0.932671,0.645172,62.45,37648500,11.0045,0,0,0,1103927.369836,ok
intel,cholmod-5,cn512-24-l,group4,boneS01.mtx,127224,3421188,2,8,1,0.932935,0.555991,72.47,37648500,11.0045,0,0,0,1103927.369836,ok
intel,cholmod-5,cn512-24-l,group4,boneS01.mtx,127224,3421188,2,16,1,0.932845,0.532651,75.64,37648500,11.0045,0,0,0,1103927.369836,ok
intel,cholmod-5,cn512-24-l,group4,boneS01.mtx,127224,3421188,2,32,1,0.934730,0.621464,64.83,37648500,11.0045,0,0,0,1103927.369836,ok
intel,cholmod-5,cn512-24-l,group4,boneS01.mtx,127224,3421188,2,40,1,0.934578,0.687811,58.58,37648500,11.0045,0,0,0,1103927.369836,ok
intel,cholmod-5,cn512-24-l,group4,boneS10.mtx,914898,28191660,2,1,1,8.950297,6.909465,35.76,264396855,9.3785,0,0,0,8211366.132026,ok
intel,cholmod-5,cn512-24-l,group4,boneS10.mtx,914898,28191660,2,2,1,8.982411,5.364320,46.07,264396855,9.3785,0,0,0,8211366.132026,ok
intel,cholmod-5,cn512-24-l,group4,boneS10.mtx,914898,28191660,2,4,1,8.967448,4.396439,56.21,264396855,9.3785,0,0,0,8211366.132026,ok
intel,cholmod-5,cn512-24-l,group4,boneS10.mtx,914898,28191660,2,8,1,8.973073,3.864132,63.95,264396855,9.3785,0,0,0,8211366.132026,ok
intel,cholmod-5,cn512-24-l,group4,boneS10.mtx,914898,28191660,2,16,1,8.975119,3.689618,66.98,264396855,9.3785,0,0,0,8211366.132026,ok
intel,cholmod-5,cn512-24-l,group4,boneS10.mtx,914898,28191660,2,32,1,8.970675,4.561257,54.18,264396855,9.3785,0,0,0,8211366.132026,ok
intel,cholmod-5,cn512-24-l,group4,boneS10.mtx,914898,28191660,2,40,1,8.959718,5.543009,44.58,264396855,9.3785,0,0,0,8211366.132026,ok
intel,cholmod-5,cn512-24-l,group5,thermal1.mtx,82654,328556,2,1,1,0.082832,0.111468,2.62,2659592,8.0948,0,0,0,92465.380613,ok
intel,cholmod-5,cn512-24-l,group5,thermal1.mtx,82654,328556,2,2,1,0.083183,0.111983,2.61,2659592,8.0948,0,0,0,92465.380613,ok
intel,cholmod-5,cn512-24-l,group5,thermal1.mtx,82654,328556,2,4,1,0.082394,0.122225,2.39,2659592,8.0948,0,0,0,92465.380613,ok
intel,cholmod-5,cn512-24-l,group5,thermal1.mtx,82654,328556,2,8,1,0.081861,0.112947,2.59,2659592,8.0948,0,0,0,92465.380613,ok
intel,cholmod-5,cn512-24-l,group5,thermal1.mtx,82654,328556,2,16,1,0.081885,0.114807,2.54,2659592,8.0948,0,0,0,92465.380613,ok
intel,cholmod-5,cn512-24-l,group5,thermal1.mtx,82654,328556,2,32,1,0.083076,0.124023,2.36,2659592,8.0948,0,0,0,92465.380613,ok
intel,cholmod-5,cn512-24-l,group5,thermal1.mtx,82654,328556,2,40,1,0.083331,0.127588,2.29,2659592,8.0948,0,0,0,92465.380613,ok
intel,cholmod-5,cn512-24-l,group5,thermomech_dM.mtx,204316,813716,2,1,1,0.208955,0.286696,3.34,7362678,9.0482,0,0,0,-2363316.991601,ok
intel,cholmod-5,cn512-24-l,group5,thermomech_dM.mtx,204316,813716,2,2,1,0.214367,0.303175,3.16,7362678,9.0482,0,0,0,-2363316.991601,ok
intel,cholmod-5,cn512-24-l,group5,thermomech_dM.mtx,204316,813716,2,4,1,0.205592,0.305681,3.13,7362678,9.0482,0,0,0,-2363316.991601,ok
intel,cholmod-5,cn512-24-l,group5,thermomech_dM.mtx,204316,813716,2,8,1,0.205701,0.294200,3.25,7362678,9.0482,0,0,0,-2363316.991601,ok
intel,cholmod-5,cn512-24-l,group5,thermomech_dM.mtx,204316,813716,2,16,1,0.204416,0.300334,3.19,7362678,9.0482,0,0,0,-2363316.991601,ok
intel,cholmod-5,cn512-24-l,group5,thermomech_dM.mtx,204316,813716,2,32,1,0.208090,0.300045,3.19,7362678,9.0482,0,0,0,-2363316.991601,ok
intel,cholmod-5,cn512-24-l,group5,thermomech_dM.mtx,204316,813716,2,40,1,0.208003,0.308804,3.10,7362678,9.0482,0,0,0,-2363316.991601,ok
intel,cholmod-5,cn512-24-l,group5,thermomech_TC.mtx,102158,406858,2,1,1,0.108732,0.140675,3.40,3681339,9.0482,0,0,0,-546786.561682,ok
intel,cholmod-5,cn512-24-l,group5,thermomech_TC.mtx,102158,406858,2,2,1,0.110438,0.149153,3.21,3681339,9.0482,0,0,0,-546786.561682,ok
intel,cholmod-5,cn512-24-l,group5,thermomech_TC.mtx,102158,406858,2,4,1,0.109453,0.146655,3.26,3681339,9.0482,0,0,0,-546786.561682,ok
intel,cholmod-5,cn512-24-l,group5,thermomech_TC.mtx,102158,406858,2,8,1,0.109410,0.142623,3.35,3681339,9.0482,0,0,0,-546786.561682,ok
intel,cholmod-5,cn512-24-l,group5,thermomech_TC.mtx,102158,406858,2,16,1,0.109572,0.144850,3.30,3681339,9.0482,0,0,0,-546786.561682,ok
intel,cholmod-5,cn512-24-l,group5,thermomech_TC.mtx,102158,406858,2,32,1,0.107939,0.150919,3.17,3681339,9.0482,0,0,0,-546786.561682,ok
intel,cholmod-5,cn512-24-l,group5,thermomech_TC.mtx,102158,406858,2,40,1,0.107717,0.159152,3.01,3681339,9.0482,0,0,0,-546786.561682,ok
intel,cholmod-5,cn512-24-l,group6,nasa2910.mtx,2910,88603,2,1,1,0.005660,0.004719,4.37,202288,2.2831,0,0,0,35320.868165,ok
intel,cholmod-5,cn512-24-l,group6,nasa2910.mtx,2910,88603,2,2,1,0.005313,0.004879,4.22,202288,2.2831,0,0,0,35320.868165,ok
intel,cholmod-5,cn512-24-l,group6,nasa2910.mtx,2910,88603,2,4,1,0.005319,0.004994,4.13,202288,2.2831,0,0,0,35320.868165,ok
intel,cholmod-5,cn512-24-l,group6,nasa2910.mtx,2910,88603,2,8,1,0.005309,0.004881,4.22,202288,2.2831,0,0,0,35320.868165,ok
intel,cholmod-5,cn512-24-l,group6,nasa2910.mtx,2910,88603,2,16,1,0.005330,0.004946,4.17,202288,2.2831,0,0,0,35320.868165,ok
intel,cholmod-5,cn512-24-l,group6,nasa2910.mtx,2910,88603,2,32,1,0.005203,0.005711,3.61,202288,2.2831,0,0,0,35320.868165,ok
intel,cholmod-5,cn512-24-l,group6,nasa2910.mtx,2910,88603,2,40,1,0.005342,0.006496,3.17,202288,2.2831,0,0,0,35320.868165,ok
intel,cholmod-5,cn512-24-l,group6,nasa4704.mtx,4704,54730,2,1,1,0.004953,0.007038,5.20,283225,5.1749,0,0,0,50346.478330,ok
intel,cholmod-5,cn512-24-l,group6,nasa4704.mtx,4704,54730,2,2,1,0.004911,0.007235,5.05,283225,5.1749,0,0,0,50346.478330,ok
intel,cholmod-5,cn512-24-l,group6,nasa4704.mtx,4704,54730,2,4,1,0.004945,0.007804,4.69,283225,5.1749,0,0,0,50346.478330,ok
intel,cholmod-5,cn512-24-l,group6,nasa4704.mtx,4704,54730,2,8,1,0.004916,0.006922,5.28,283225,5.1749,0,0,0,50346.478330,ok
intel,cholmod-5,cn512-24-l,group6,nasa4704.mtx,4704,54730,2,16,1,0.004884,0.007052,5.19,283225,5.1749,0,0,0,50346.478330,ok
intel,cholmod-5,cn512-24-l,group6,nasa4704.mtx,4704,54730,2,32,1,0.004945,0.008543,4.28,283225,5.1749,0,0,0,50346.478330,ok
intel,cholmod-5,cn512-24-l,group6,nasa4704.mtx,4704,54730,2,40,1,0.004974,0.010246,3.57,283225,5.1749,0,0,0,50346.478330,ok
intel,cholmod-5,cn512-24-l,group6,nasasrb.mtx,54870,1366097,2,1,1,0.083766,0.216627,22.08,11953582,8.7502,0,0,0,794669.080400,ok
intel,cholmod-5,cn512-24-l,group6,nasasrb.mtx,54870,1366097,2,2,1,0.086732,0.196747,24.31,11953582,8.7502,0,0,0,794669.080400,ok
intel,cholmod-5,cn512-24-l,group6,nasasrb.mtx,54870,1366097,2,4,1,0.084189,0.184741,25.89,11953582,8.7502,0,0,0,794669.080400,ok
intel,cholmod-5,cn512-24-l,group6,nasasrb.mtx,54870,1366097,2,8,1,0.083975,0.171700,27.85,11953582,8.7502,0,0,0,794669.080400,ok
intel,cholmod-5,cn512-24-l,group6,nasasrb.mtx,54870,1366097,2,16,1,0.083618,0.176970,27.02,11953582,8.7502,0,0,0,794669.080400,ok
intel,cholmod-5,cn512-24-l,group6,nasasrb.mtx,54870,1366097,2,32,1,0.083423,0.226641,21.10,11953582,8.7502,0,0,0,794669.080400,ok
intel,cholmod-5,cn512-24-l,group6,nasasrb.mtx,54870,1366097,2,40,1,0.084482,0.247438,19.33,11953582,8.7502,0,0,0,794669.080400,ok
intel,cholmod-5,cn512-24-l,group7,nd12k.mtx,36000,7128473,2,1,1,2.603368,9.310381,53.82,116449457,16.3358,0,0,0,55143.743900,ok
intel,cholmod-5,cn512-24-l,group7,nd12k.mtx,36000,7128473,2,2,1,2.607999,5.350141,93.66,116449457,16.3358,0,0,0,55143.743900,ok
intel,cholmod-5,cn512-24-l,group7,nd12k.mtx,36000,7128473,2,4,1,2.603850,3.080193,162.69,116449457,16.3358,0,0,0,55143.743900,ok
intel,cholmod-5,cn512-24-l,group7,nd12k.mtx,36000,7128473,2,8,1,2.599705,1.961193,255.51,116449457,16.3358,0,0,0,55143.743900,ok
intel,cholmod-5,cn512-24-l,group7,nd12k.mtx,36000,7128473,2,16,1,2.605053,1.476244,339.45,116449457,16.3358,0,0,0,55143.743900,ok
intel,cholmod-5,cn512-24-l,group7,nd12k.mtx,36000,7128473,2,32,1,2.600771,1.498017,334.52,116449457,16.3358,0,0,0,55143.743900,ok
intel,cholmod-5,cn512-24-l,group7,nd12k.mtx,36000,7128473,2,40,1,2.603449,1.553615,322.55,116449457,16.3358,0,0,0,55143.743900,ok
intel,cholmod-5,cn512-24-l,group7,nd3k.mtx,9000,1644345,2,1,1,0.483080,0.543616,44.88,13389649,8.1428,0,0,0,13280.878189,ok
intel,cholmod-5,cn512-24-l,group7,nd3k.mtx,9000,1644345,2,2,1,0.487440,0.352706,69.17,13389649,8.1428,0,0,0,13280.878189,ok
intel,cholmod-5,cn512-24-l,group7,nd3k.mtx,9000,1644345,2,4,1,0.484247,0.237246,102.84,13389649,8.1428,0,0,0,13280.878189,ok
intel,cholmod-5,cn512-24-l,group7,nd3k.mtx,9000,1644345,2,8,1,0.486826,0.183303,133.10,13389649,8.1428,0,0,0,13280.878189,ok
intel,cholmod-5,cn512-24-l,group7,nd3k.mtx,9000,1644345,2,16,1,0.486281,0.165258,147.63,13389649,8.1428,0,0,0,13280.878189,ok
intel,cholmod-5,cn512-24-l,group7,nd3k.mtx,9000,1644345,2,32,1,0.485374,0.191177,127.62,13389649,8.1428,0,0,0,13280.878189,ok
intel,cholmod-5,cn512-24-l,group7,nd3k.mtx,9000,1644345,2,40,1,0.483780,0.206699,118.03,13389649,8.1428,0,0,0,13280.878189,ok
intel,cholmod-5,cn512-24-l,group7,nd6k.mtx,18000,3457658,2,1,1,1.148363,2.299963,48.65,39773188,11.5029,0,0,0,26706.483998,ok
intel,cholmod-5,cn512-24-l,group7,nd6k.mtx,18000,3457658,2,2,1,1.147390,1.377248,81.25,39773188,11.5029,0,0,0,26706.483998,ok
intel,cholmod-5,cn512-24-l,group7,nd6k.mtx,18000,3457658,2,4,1,1.146562,0.856830,130.60,39773188,11.5029,0,0,0,26706.483998,ok
intel,cholmod-5,cn512-24-l,group7,nd6k.mtx,18000,3457658,2,8,1,1.152481,0.587105,190.60,39773188,11.5029,0,0,0,26706.483998,ok
intel,cholmod-5,cn512-24-l,group7,nd6k.mtx,18000,3457658,2,16,1,1.145559,0.485515,230.49,39773188,11.5029,0,0,0,26706.483998,ok
intel,cholmod-5,cn512-24-l,group7,nd6k.mtx,18000,3457658,2,32,1,1.147079,0.533935,209.58,39773188,11.5029,0,0,0,26706.483998,ok
intel,cholmod-5,cn512-24-l,group7,nd6k.mtx,18000,3457658,2,40,1,1.147501,0.597229,187.37,39773188,11.5029,0,0,0,26706.483998,ok
intel,cholmod-5,cn512-24-l,group8,af_0_k101.mtx,503625,9027150,2,1,1,1.563076,2.093270,28.07,95150325,10.5405,0,0,0,6537999.297473,ok
intel,cholmod-5,cn512-24-l,group8,af_0_k101.mtx,503625,9027150,2,2,1,1.554684,1.784968,32.92,95150325,10.5405,0,0,0,6537999.297473,ok
intel,cholmod-5,cn512-24-l,group8,af_0_k101.mtx,503625,9027150,2,4,1,1.562472,1.568631,37.46,95150325,10.5405,0,0,0,6537999.297473,ok
intel,cholmod-5,cn512-24-l,group8,af_0_k101.mtx,503625,9027150,2,8,1,1.556713,1.438219,40.86,95150325,10.5405,0,0,0,6537999.297473,ok
intel,cholmod-5,cn512-24-l,group8,af_0_k101.mtx,503625,9027150,2,16,1,1.555171,1.417325,41.46,95150325,10.5405,0,0,0,6537999.297473,ok
intel,cholmod-5,cn512-24-l,group8,af_0_k101.mtx,503625,9027150,2,32,1,1.561056,1.670443,35.18,95150325,10.5405,0,0,0,6537999.297473,ok
intel,cholmod-5,cn512-24-l,group8,af_0_k101.mtx,503625,9027150,2,40,1,1.560217,2.063306,28.48,95150325,10.5405,0,0,0,6537999.297473,ok
intel,cholmod-5,cn512-24-l,group8,af_shell3.mtx,504855,9046865,2,1,1,1.589020,1.911692,26.12,90944965,10.0526,0,0,0,6466341.489924,ok
intel,cholmod-5,cn512-24-l,group8,af_shell3.mtx,504855,9046865,2,2,1,1.586241,1.663526,30.01,90944965,10.0526,0,0,0,6466341.489924,ok
intel,cholmod-5,cn512-24-l,group8,af_shell3.mtx,504855,9046865,2,4,1,1.587218,1.524039,32.76,90944965,10.0526,0,0,0,6466341.489924,ok
intel,cholmod-5,cn512-24-l,group8,af_shell3.mtx,504855,9046865,2,8,1,1.582766,1.394263,35.81,90944965,10.0526,0,0,0,6466341.489924,ok
intel,cholmod-5,cn512-24-l,group8,af_shell3.mtx,504855,9046865,2,16,1,1.585379,1.369631,36.45,90944965,10.0526,0,0,0,6466341.489924,ok
intel,cholmod-5,cn512-24-l,group8,af_shell3.mtx,504855,9046865,2,32,1,1.584812,1.611847,30.97,90944965,10.0526,0,0,0,6466341.489924,ok
intel,cholmod-5,cn512-24-l,group8,af_shell3.mtx,504855,9046865,2,40,1,1.590638,1.807494,27.62,90944965,10.0526,0,0,0,6466341.489924,ok
intel,cholmod-5,cn512-24-l,group8,ecology2.mtx,999999,2997995,2,1,1,0.675897,1.671622,11.99,45752523,15.2610,0,0,0,3394351.152368,ok
intel,cholmod-5,cn512-24-l,group8,ecology2.mtx,999999,2997995,2,2,1,0.678369,1.646896,12.17,45752523,15.2610,0,0,0,3394351.152368,ok
intel,cholmod-5,cn512-24-l,group8,ecology2.mtx,999999,2997995,2,4,1,0.673719,1.545022,12.98,45752523,15.2610,0,0,0,3394351.152368,ok
intel,cholmod-5,cn512-24-l,group8,ecology2.mtx,999999,2997995,2,8,1,0.672417,1.530613,13.10,45752523,15.2610,0,0,0,3394351.152368,ok
intel,cholmod-5,cn512-24-l,group8,ecology2.mtx,999999,2997995,2,16,1,0.671756,1.554643,12.90,45752523,15.2610,0,0,0,3394351.152368,ok
intel,cholmod-5,cn512-24-l,group8,ecology2.mtx,999999,2997995,2,32,1,0.677631,1.639694,12.23,45752523,15.2610,0,0,0,3394351.152368,ok
intel,cholmod-5,cn512-24-l,group8,ecology2.mtx,999999,2997995,2,40,1,0.673269,1.774512,11.30,45752523,15.2610,0,0,0,3394351.152368,ok
intel,cholmod-5,cn512-24-l,group8,G2_circuit.mtx,150102,438388,2,1,1,0.942824,0.279154,5.62,6530866,14.8975,0,0,0,613236.401933,ok
intel,cholmod-5,cn512-24-l,group8,G2_circuit.mtx,150102,438388,2,2,1,0.946002,0.282930,5.54,6530866,14.8975,0,0,0,613236.401933,ok
intel,cholmod-5,cn512-24-l,group8,G2_circuit.mtx,150102,438388,2,4,1,0.947528,0.279788,5.60,6530866,14.8975,0,0,0,613236.401933,ok
intel,cholmod-5,cn512-24-l,group8,G2_circuit.mtx,150102,438388,2,8,1,0.944821,0.275941,5.68,6530866,14.8975,0,0,0,613236.401933,ok
intel,cholmod-5,cn512-24-l,group8,G2_circuit.mtx,150102,438388,2,16,1,0.943659,0.275597,5.69,6530866,14.8975,0,0,0,613236.401933,ok
intel,cholmod-5,cn512-24-l,group8,G2_circuit.mtx,150102,438388,2,32,1,0.946127,0.300652,5.21,6530866,14.8975,0,0,0,613236.401933,ok
intel,cholmod-5,cn512-24-l,group8,G2_circuit.mtx,150102,438388,2,40,1,0.944892,0.317101,4.94,6530866,14.8975,0,0,0,613236.401933,ok
intel,cholmod-5,cn512-24-l,group8,parabolic_fem.mtx,525825,2100225,2,1,1,0.608295,1.075575,15.91,36132647,17.2042,0,0,0,-600063.625109,ok
intel,cholmod-5,cn512-24-l,group8,parabolic_fem.mtx,525825,2100225,2,2,1,0.605642,1.009261,16.95,36132647,17.2042,0,0,0,-600063.625109,ok
intel,cholmod-5,cn512-24-l,group8,parabolic_fem.mtx,525825,2100225,2,4,1,0.608914,0.971027,17.62,36132647,17.2042,0,0,0,-600063.625109,ok
intel,cholmod-5,cn512-24-l,group8,parabolic_fem.mtx,525825,2100225,2,8,1,0.606682,0.937499,18.25,36132647,17.2042,0,0,0,-600063.625109,ok
intel,cholmod-5,cn512-24-l,group8,parabolic_fem.mtx,525825,2100225,2,16,1,0.599050,0.907942,18.85,36132647,17.2042,0,0,0,-600063.625109,ok
intel,cholmod-5,cn512-24-l,group8,parabolic_fem.mtx,525825,2100225,2,32,1,0.603228,1.019280,16.79,36132647,17.2042,0,0,0,-600063.625109,ok
intel,cholmod-5,cn512-24-l,group8,parabolic_fem.mtx,525825,2100225,2,40,1,0.611842,1.058946,16.16,36132647,17.2042,0,0,0,-600063.625109,ok
intel,cholmod-5,cn512-24-l,group8,tmt_sym.mtx,726713,2903837,2,1,1,5.812836,1.273425,7.69,29599814,10.1933,0,0,0,844891.224966,ok
intel,cholmod-5,cn512-24-l,group8,tmt_sym.mtx,726713,2903837,2,2,1,5.813433,1.247747,7.84,29599814,10.1933,0,0,0,844891.224966,ok
intel,cholmod-5,cn512-24-l,group8,tmt_sym.mtx,726713,2903837,2,4,1,5.818716,1.201132,8.15,29599814,10.1933,0,0,0,844891.224966,ok
intel,cholmod-5,cn512-24-l,group8,tmt_sym.mtx,726713,2903837,2,8,1,5.818188,1.196558,8.18,29599814,10.1933,0,0,0,844891.224966,ok
intel,cholmod-5,cn512-24-l,group8,tmt_sym.mtx,726713,2903837,2,16,1,5.826961,1.199005,8.16,29599814,10.1933,0,0,0,844891.224966,ok
intel,cholmod-5,cn512-24-l,group8,tmt_sym.mtx,726713,2903837,2,32,1,5.817972,1.258469,7.78,29599814,10.1933,0,0,0,844891.224966,ok
intel,cholmod-5,cn512-24-l,group8,tmt_sym.mtx,726713,2903837,2,40,1,5.799985,1.309890,7.47,29599814,10.1933,0,0,0,844891.224966,ok
intel,cholmod-5,cn512-24-l,group9,1138_bus.mtx,1138,2596,2,1,1,0.000490,0.000108,0.10,3265,1.2577,0,0,0,4240.821185,ok
intel,cholmod-5,cn512-24-l,group9,1138_bus.mtx,1138,2596,2,2,1,0.000478,0.000109,0.10,3265,1.2577,0,0,0,4240.821185,ok
intel,cholmod-5,cn512-24-l,group9,1138_bus.mtx,1138,2596,2,4,1,0.000478,0.000109,0.10,3265,1.2577,0,0,0,4240.821185,ok
intel,cholmod-5,cn512-24-l,group9,1138_bus.mtx,1138,2596,2,8,1,0.000479,0.000110,0.10,3265,1.2577,0,0,0,4240.821185,ok
intel,cholmod-5,cn512-24-l,group9,1138_bus.mtx,1138,2596,2,16,1,0.000480,0.000107,0.10,3265,1.2577,0,0,0,4240.821185,ok
intel,cholmod-5,cn512-24-l,group9,1138_bus.mtx,1138,2596,2,32,1,0.000482,0.000110,0.10,3265,1.2577,0,0,0,4240.821185,ok
intel,cholmod-5,cn512-24-l,group9,1138_bus.mtx,1138,2596,2,40,1,0.000477,0.000109,0.10,3265,1.2577,0,0,0,4240.821185,ok
intel,cholmod-5,cn512-24-l,group9,apache1.mtx,80800,311492,2,1,1,0.619683,0.326387,17.39,10403522,33.3990,0,0,0,712850.832403,ok
intel,cholmod-5,cn512-24-l,group9,apache1.mtx,80800,311492,2,2,1,0.619797,0.299825,18.93,10403522,33.3990,0,0,0,712850.832403,ok
intel,cholmod-5,cn512-24-l,group9,apache1.mtx,80800,311492,2,4,1,0.619682,0.280359,20.24,10403522,33.3990,0,0,0,712850.832403,ok
intel,cholmod-5,cn512-24-l,group9,apache1.mtx,80800,311492,2,8,1,0.619775,0.273209,20.77,10403522,33.3990,0,0,0,712850.832403,ok
intel,cholmod-5,cn512-24-l,group9,apache1.mtx,80800,311492,2,16,1,0.619418,0.273110,20.78,10403522,33.3990,0,0,0,712850.832403,ok
intel,cholmod-5,cn512-24-l,group9,apache1.mtx,80800,311492,2,32,1,0.619328,0.344038,16.50,10403522,33.3990,0,0,0,712850.832403,ok
intel,cholmod-5,cn512-24-l,group9,apache1.mtx,80800,311492,2,40,1,0.620083,0.377410,15.04,10403522,33.3990,0,0,0,712850.832403,ok
intel,cholmod-5,cn512-24-l,group9,apache2.mtx,715176,2766523,2,1,1,6.893370,4.865967,33.48,126949650,45.8878,0,0,0,6310307.818185,ok
intel,cholmod-5,cn512-24-l,group9,apache2.mtx,715176,2766523,2,2,1,6.886529,3.827196,42.57,126949650,45.8878,0,0,0,6310307.818185,ok
intel,cholmod-5,cn512-24-l,group9,apache2.mtx,715176,2766523,2,4,1,6.886847,3.141067,51.87,126949650,45.8878,0,0,0,6310307.818185,ok
intel,cholmod-5,cn512-24-l,group9,apache2.mtx,715176,2766523,2,8,1,6.896535,2.783573,58.53,126949650,45.8878,0,0,0,6310307.818185,ok
intel,cholmod-5,cn512-24-l,group9,apache2.mtx,715176,2766523,2,16,1,6.868945,2.694548,60.47,126949650,45.8878,0,0,0,6310307.818185,ok
intel,cholmod-5,cn512-24-l,group9,apache2.mtx,715176,2766523,2,32,1,6.890401,2.912250,55.95,126949650,45.8878,0,0,0,6310307.818185,ok
intel,cholmod-5,cn512-24-l,group9,apache2.mtx,715176,2766523,2,40,1,6.878575,3.303508,49.32,126949650,45.8878,0,0,0,6310307.818185,ok
intel,cholmod-5,cn512-24-l,group9,bundle1.mtx,10581,390741,2,1,1,0.015573,0.023496,1.64,460630,1.1789,0,0,0,249808.999500,ok
intel,cholmod-5,cn512-24-l,group9,bundle1.mtx,10581,390741,2,2,1,0.015063,0.023652,1.63,460630,1.1789,0,0,0,249808.999500,ok
intel,cholmod-5,cn512-24-l,group9,bundle1.mtx,10581,390741,2,4,1,0.015273,0.023650,1.63,460630,1.1789,0,0,0,249808.999500,ok
intel,cholmod-5,cn512-24-l,group9,bundle1.mtx,10581,390741,2,8,1,0.014517,0.025229,1.53,460630,1.1789,0,0,0,249808.999500,ok
intel,cholmod-5,cn512-24-l,group9,bundle1.mtx,10581,390741,2,16,1,0.014599,0.023883,1.62,460630,1.1789,0,0,0,249808.999500,ok
intel,cholmod-5,cn512-24-l,group9,bundle1.mtx,10581,390741,2,32,1,0.014463,0.025149,1.53,460630,1.1789,0,0,0,249808.999500,ok
intel,cholmod-5,cn512-24-l,group9,bundle1.mtx,10581,390741,2,40,1,0.014419,0.026717,1.44,460630,1.1789,0,0,0,249808.999500,ok
intel,cholmod-5,cn512-24-l,group9,consph.mtx,83334,3046907,2,1,1,0.746993,2.593670,49.57,67708145,22.2219,0,0,0,410122.673122,ok
intel,cholmod-5,cn512-24-l,group9,consph.mtx,83334,3046907,2,2,1,0.747605,1.693360,75.92,67708145,22.2219,0,0,0,410122.673122,ok
intel,cholmod-5,cn512-24-l,group9,consph.mtx,83334,3046907,2,4,1,0.745074,1.149980,111.79,67708145,22.2219,0,0,0,410122.673122,ok
intel,cholmod-5,cn512-24-l,group9,consph.mtx,83334,3046907,2,8,1,0.747129,0.878841,146.28,67708145,22.2219,0,0,0,410122.673122,ok
intel,cholmod-5,cn512-24-l,group9,consph.mtx,83334,3046907,2,16,1,0.746971,0.759529,169.26,67708145,22.2219,0,0,0,410122.673122,ok
intel,cholmod-5,cn512-24-l,group9,consph.mtx,83334,3046907,2,32,1,0.747764,0.945860,135.92,67708145,22.2219,0,0,0,410122.673122,ok
intel,cholmod-5,cn512-24-l,group9,consph.mtx,83334,3046907,2,40,1,0.747095,1.000079,128.55,67708145,22.2219,0,0,0,410122.673122,ok
intel,cholmod-5,cn512-24-l,group9,ct20stif.mtx,52329,1375396,2,1,1,0.361522,0.203940,22.99,9695822,7.0495,0,0,0,726316.495449,ok
intel,cholmod-5,cn512-24-l,group9,ct20stif.mtx,52329,1375396,2,2,1,0.362604,0.182292,25.72,9695822,7.0495,0,0,0,726316.495449,ok
intel,cholmod-5,cn512-24-l,group9,ct20stif.mtx,52329,1375396,2,4,1,0.361760,0.164439,28.51,9695822,7.0495,0,0,0,726316.495449,ok
intel,cholmod-5,cn512-24-l,group9,ct20stif.mtx,52329,1375396,2,8,1,0.359653,0.155769,30.10,9695822,7.0495,0,0,0,726316.495449,ok
intel,cholmod-5,cn512-24-l,group9,ct20stif.mtx,52329,1375396,2,16,1,0.357709,0.152376,30.77,9695822,7.0495,0,0,0,726316.495449,ok
intel,cholmod-5,cn512-24-l,group9,ct20stif.mtx,52329,1375396,2,32,1,0.360537,0.201282,23.29,9695822,7.0495,0,0,0,726316.495449,ok
intel,cholmod-5,cn512-24-l,group9,ct20stif.mtx,52329,1375396,2,40,1,0.362986,0.208844,22.45,9695822,7.0495,0,0,0,726316.495449,ok
intel,cholmod-5,cn512-24-l,group9,Emilia_923.mtx,923136,20964171,2,1,1,8.912703,193.669454,63.81,1645621647,78.4969,0,0,0,22015010.435141,ok
intel,cholmod-5,cn512-24-l,group9,Emilia_923.mtx,923136,20964171,2,2,1,8.936004,106.735490,115.78,1645621647,78.4969,0,0,0,22015010.435141,ok
intel,cholmod-5,cn512-24-l,group9,Emilia_923.mtx,923136,20964171,2,4,1,8.910919,58.100458,212.69,1645621647,78.4969,0,0,0,22015010.435141,ok
intel,cholmod-5,cn512-24-l,group9,Emilia_923.mtx,923136,20964171,2,8,1,8.911145,33.378733,370.22,1645621647,78.4969,0,0,0,22015010.435141,ok
intel,cholmod-5,cn512-24-l,group9,Emilia_923.mtx,923136,20964171,2,16,1,8.942512,23.221882,532.15,1645621647,78.4969,0,0,0,22015010.435141,ok
intel,cholmod-5,cn512-24-l,group9,Emilia_923.mtx,923136,20964171,2,32,1,8.930808,19.872008,621.85,1645621647,78.4969,0,0,0,22015010.435141,ok
intel,cholmod-5,cn512-24-l,group9,Emilia_923.mtx,923136,20964171,2,40,1,8.931855,22.146025,558.00,1645621647,78.4969,0,0,0,22015010.435141,ok
intel,cholmod-5,cn512-24-l,group9,Fault_639.mtx,638802,14626683,2,1,1,6.122068,111.511907,63.82,1062906609,72.6690,0,0,0,16209921.843334,ok
intel,cholmod-5,cn512-24-l,group9,Fault_639.mtx,638802,14626683,2,2,1,6.132456,61.887244,115.00,1062906609,72.6690,0,0,0,16209921.843334,ok
intel,cholmod-5,cn512-24-l,group9,Fault_639.mtx,638802,14626683,2,4,1,6.130721,34.101960,208.69,1062906609,72.6690,0,0,0,16209921.843334,ok
intel,cholmod-5,cn512-24-l,group9,Fault_639.mtx,638802,14626683,2,8,1,6.126535,19.872022,358.13,1062906609,72.6690,0,0,0,16209921.843334,ok
intel,cholmod-5,cn512-24-l,group9,Fault_639.mtx,638802,14626683,2,16,1,6.135726,13.972602,509.34,1062906609,72.6690,0,0,0,16209921.843334,ok
intel,cholmod-5,cn512-24-l,group9,Fault_639.mtx,638802,14626683,2,32,1,6.123618,12.428792,572.61,1062906609,72.6690,0,0,0,16209921.843334,ok
intel,cholmod-5,cn512-24-l,group9,Fault_639.mtx,638802,14626683,2,40,1,6.121306,13.860173,513.47,1062906609,72.6690,0,0,0,16209921.843334,ok
intel,cholmod-5,cn512-24-l,group9,gyro_k.mtx,17361,519260,2,1,1,0.027553,0.030883,3.97,1232355,2.3733,0,0,0,304741.205037,ok
intel,cholmod-5,cn512-24-l,group9,gyro_k.mtx,17361,519260,2,2,1,0.027679,0.033008,3.71,1232355,2.3733,0,0,0,304741.205037,ok
intel,cholmod-5,cn512-24-l,group9,gyro_k.mtx,17361,519260,2,4,1,0.027318,0.031891,3.84,1232355,2.3733,0,0,0,304741.205037,ok
intel,cholmod-5,cn512-24-l,group9,gyro_k.mtx,17361,519260,2,8,1,0.027248,0.032743,3.74,1232355,2.3733,0,0,0,304741.205037,ok
intel,cholmod-5,cn512-24-l,group9,gyro_k.mtx,17361,519260,2,16,1,0.026250,0.032531,3.77,1232355,2.3733,0,0,0,304741.205037,ok
intel,cholmod-5,cn512-24-l,group9,gyro_k.mtx,17361,519260,2,32,1,0.027000,0.035332,3.47,1232355,2.3733,0,0,0,304741.205037,ok
intel,cholmod-5,cn512-24-l,group9,gyro_k.mtx,17361,519260,2,40,1,0.027343,0.038293,3.20,1232355,2.3733,0,0,0,304741.205037,ok
intel,cholmod-5,cn512-24-l,group9,gyro_m.mtx,17361,178896,2,1,1,0.017900,0.014734,0.94,416577,2.3286,0,0,0,-380035.854387,ok
intel,cholmod-5,cn512-24-l,group9,gyro_m.mtx,17361,178896,2,2,1,0.017758,0.014681,0.95,416577,2.3286,0,0,0,-380035.854387,ok
intel,cholmod-5,cn512-24-l,group9,gyro_m.mtx,17361,178896,2,4,1,0.017547,0.014700,0.94,416577,2.3286,0,0,0,-380035.854387,ok
intel,cholmod-5,cn512-24-l,group9,gyro_m.mtx,17361,178896,2,8,1,0.017560,0.014722,0.94,416577,2.3286,0,0,0,-380035.854387,ok
intel,cholmod-5,cn512-24-l,group9,gyro_m.mtx,17361,178896,2,16,1,0.017508,0.014671,0.95,416577,2.3286,0,0,0,-380035.854387,ok
intel,cholmod-5,cn512-24-l,group9,gyro_m.mtx,17361,178896,2,32,1,0.017524,0.014630,0.95,416577,2.3286,0,0,0,-380035.854387,ok
intel,cholmod-5,cn512-24-l,group9,gyro_m.mtx,17361,178896,2,40,1,0.017585,0.014823,0.94,416577,2.3286,0,0,0,-380035.854387,ok
intel,cholmod-5,cn512-24-l,group9,inline_1.mtx,503712,18660027,2,1,1,5.635390,3.930289,32.51,165573798,8.8732,0,0,0,6590421.468622,ok
intel,cholmod-5,cn512-24-l,group9,inline_1.mtx,503712,18660027,2,2,1,5.633920,3.202579,39.90,165573798,8.8732,0,0,0,6590421.468622,ok
intel,cholmod-5,cn512-24-l,group9,inline_1.mtx,503712,18660027,2,4,1,5.635759,2.703818,47.26,165573798,8.8732,0,0,0,6590421.468622,ok
intel,cholmod-5,cn512-24-l,group9,inline_1.mtx,503712,18660027,2,8,1,5.638949,2.376227,53.77,165573798,8.8732,0,0,0,6590421.468622,ok
intel,cholmod-5,cn512-24-l,group9,inline_1.mtx,503712,18660027,2,16,1,5.635098,2.308762,55.35,165573798,8.8732,0,0,0,6590421.468622,ok
intel,cholmod-5,cn512-24-l,group9,inline_1.mtx,503712,18660027,2,32,1,5.641023,2.825364,45.23,165573798,8.8732,0,0,0,6590421.468622,ok
intel,cholmod-5,cn512-24-l,group9,inline_1.mtx,503712,18660027,2,40,1,5.635734,3.109822,41.09,165573798,8.8732,0,0,0,6590421.468622,ok
intel,cholmod-5,cn512-24-l,group9,ldoor.mtx,952203,23737339,2,1,1,3.601044,3.124303,22.38,139411660,5.8731,0,0,0,11442936.945606,ok
intel,cholmod-5,cn512-24-l,group9,ldoor.mtx,952203,23737339,2,2,1,3.587960,2.807790,24.90,139411660,5.8731,0,0,0,11442936.945606,ok
intel,cholmod-5,cn512-24-l,group9,ldoor.mtx,952203,23737339,2,4,1,3.580575,2.642376,26.46,139411660,5.8731,0,0,0,11442936.945606,ok
intel,cholmod-5,cn512-24-l,group9,ldoor.mtx,952203,23737339,2,8,1,3.582480,2.447910,28.56,139411660,5.8731,0,0,0,11442936.945606,ok
intel,cholmod-5,cn512-24-l,group9,ldoor.mtx,952203,23737339,2,16,1,3.577142,2.430904,28.76,139411660,5.8731,0,0,0,11442936.945606,ok
intel,cholmod-5,cn512-24-l,group9,ldoor.mtx,952203,23737339,2,32,1,3.590803,2.799436,24.98,139411660,5.8731,0,0,0,11442936.945606,ok
intel,cholmod-5,cn512-24-l,group9,ldoor.mtx,952203,23737339,2,40,1,3.590656,3.048853,22.93,139411660,5.8731,0,0,0,11442936.945606,ok
intel,cholmod-5,cn512-24-l,group9,msc10848.mtx,10848,620313,2,1,1,0.024706,0.037191,14.20,1966443,3.1701,0,0,0,163650.326327,ok
intel,cholmod-5,cn512-24-l,group9,msc10848.mtx,10848,620313,2,2,1,0.025643,0.038284,13.79,1966443,3.1701,0,0,0,163650.326327,ok
intel,cholmod-5,cn512-24-l,group9,msc10848.mtx,10848,620313,2,4,1,0.024420,0.034903,15.13,1966443,3.1701,0,0,0,163650.326327,ok
intel,cholmod-5,cn512-24-l,group9,msc10848.mtx,10848,620313,2,8,1,0.024593,0.032889,16.05,1966443,3.1701,0,0,0,163650.326327,ok
intel,cholmod-5,cn512-24-l,group9,msc10848.mtx,10848,620313,2,16,1,0.024558,0.035010,15.08,1966443,3.1701,0,0,0,163650.326327,ok
intel,cholmod-5,cn512-24-l,group9,msc10848.mtx,10848,620313,2,32,1,0.024838,0.045362,11.64,1966443,3.1701,0,0,0,163650.326327,ok
intel,cholmod-5,cn512-24-l,group9,msc10848.mtx,10848,620313,2,40,1,0.024518,0.047262,11.17,1966443,3.1701,0,0,0,163650.326327,ok
intel,cholmod-5,cn512-24-l,group9,msc23052.mtx,23052,588933,2,1,1,0.029259,0.053059,11.40,2735772,4.6453,0,0,0,298852.291587,ok
intel,cholmod-5,cn512-24-l,group9,msc23052.mtx,23052,588933,2,2,1,0.027972,0.053946,11.21,2735772,4.6453,0,0,0,298852.291587,ok
intel,cholmod-5,cn512-24-l,group9,msc23052.mtx,23052,588933,2,4,1,0.027649,0.051009,11.86,2735772,4.6453,0,0,0,298852.291587,ok
intel,cholmod-5,cn512-24-l,group9,msc23052.mtx,23052,588933,2,8,1,0.028269,0.053580,11.29,2735772,4.6453,0,0,0,298852.291587,ok
intel,cholmod-5,cn512-24-l,group9,msc23052.mtx,23052,588933,2,16,1,0.027860,0.051593,11.72,2735772,4.6453,0,0,0,298852.291587,ok
intel,cholmod-5,cn512-24-l,group9,msc23052.mtx,23052,588933,2,32,1,0.027846,0.061076,9.90,2735772,4.6453,0,0,0,298852.291587,ok
intel,cholmod-5,cn512-24-l,group9,msc23052.mtx,23052,588933,2,40,1,0.028295,0.069168,8.74,2735772,4.6453,0,0,0,298852.291587,ok
intel,cholmod-5,cn512-24-l,group9,offshore.mtx,259789,2251231,2,1,1,3.814079,2.251837,35.39,74313813,33.0103,0,0,0,4787184.763697,ok
intel,cholmod-5,cn512-24-l,group9,offshore.mtx,259789,2251231,2,2,1,3.813071,1.700408,46.86,74313813,33.0103,0,0,0,4787184.763697,ok
intel,cholmod-5,cn512-24-l,group9,offshore.mtx,259789,2251231,2,4,1,3.806148,1.384225,57.56,74313813,33.0103,0,0,0,4787184.763697,ok
intel,cholmod-5,cn512-24-l,group9,offshore.mtx,259789,2251231,2,8,1,3.806297,1.186580,67.15,74313813,33.0103,0,0,0,4787184.763697,ok
intel,cholmod-5,cn512-24-l,group9,offshore.mtx,259789,2251231,2,16,1,3.813985,1.137379,70.06,74313813,33.0103,0,0,0,4787184.763697,ok
intel,cholmod-5,cn512-24-l,group9,offshore.mtx,259789,2251231,2,32,1,3.819169,1.343454,59.31,74313813,33.0103,0,0,0,4787184.763697,ok
intel,cholmod-5,cn512-24-l,group9,offshore.mtx,259789,2251231,2,40,1,3.790087,1.532780,51.99,74313813,33.0103,0,0,0,4787184.763697,ok
intel,cholmod-5,cn512-24-l,group9,s3dkq4m2.mtx,90449,2455670,2,1,1,0.256932,0.317564,22.10,17856452,7.2715,0,0,0,-19811.940584,ok
intel,cholmod-5,cn512-24-l,group9,s3dkq4m2.mtx,90449,2455670,2,2,1,0.256019,0.290633,24.15,17856452,7.2715,0,0,0,-19811.940584,ok
intel,cholmod-5,cn512-24-l,group9,s3dkq4m2.mtx,90449,2455670,2,4,1,0.254486,0.274807,25.54,17856452,7.2715,0,0,0,-19811.940584,ok
intel,cholmod-5,cn512-24-l,group9,s3dkq4m2.mtx,90449,2455670,2,8,1,0.255627,0.257108,27.30,17856452,7.2715,0,0,0,-19811.940584,ok
intel,cholmod-5,cn512-24-l,group9,s3dkq4m2.mtx,90449,2455670,2,16,1,0.254284,0.246808,28.44,17856452,7.2715,0,0,0,-19811.940584,ok
intel,cholmod-5,cn512-24-l,group9,s3dkq4m2.mtx,90449,2455670,2,32,1,0.254916,0.290197,24.19,17856452,7.2715,0,0,0,-19811.940584,ok
intel,cholmod-5,cn512-24-l,group9,s3dkq4m2.mtx,90449,2455670,2,40,1,0.254376,0.329439,21.31,17856452,7.2715,0,0,0,-19811.940584,ok
intel,cholmod-5,cn512-24-l,group9,s3dkt3m2.mtx,90449,1921955,2,1,1,0.214545,0.303068,22.52,16406303,8.5363,0,0,0,411.263440,ok
intel,cholmod-5,cn512-24-l,group9,s3dkt3m2.mtx,90449,1921955,2,2,1,0.216548,0.281582,24.24,16406303,8.5363,0,0,0,411.263440,ok
intel,cholmod-5,cn512-24-l,group9,s3dkt3m2.mtx,90449,1921955,2,4,1,0.214785,0.255906,26.67,16406303,8.5363,0,0,0,411.263440,ok
intel,cholmod-5,cn512-24-l,group9,s3dkt3m2.mtx,90449,1921955,2,8,1,0.214514,0.240354,28.39,16406303,8.5363,0,0,0,411.263440,ok
intel,cholmod-5,cn512-24-l,group9,s3dkt3m2.mtx,90449,1921955,2,16,1,0.214162,0.231250,29.51,16406303,8.5363,0,0,0,411.263440,ok
intel,cholmod-5,cn512-24-l,group9,s3dkt3m2.mtx,90449,1921955,2,32,1,0.215389,0.273101,24.99,16406303,8.5363,0,0,0,411.263440,ok
intel,cholmod-5,cn512-24-l,group9,s3dkt3m2.mtx,90449,1921955,2,40,1,0.213466,0.301277,22.65,16406303,8.5363,0,0,0,411.263440,ok
intel,cholmod-5,cn512-14-r,group5,thermomech_TK.mtx,102158,406858,2,1,1,0.113804,0.140281,3.41,3681339,9.0482,0,0,0,466493.800109,ok-shift3.9e-06
intel,cholmod-5,cn512-14-r,group5,thermomech_TK.mtx,102158,406858,2,2,1,0.108212,0.143605,3.33,3681339,9.0482,0,0,0,466493.800109,ok-shift3.9e-06
intel,cholmod-5,cn512-14-r,group5,thermomech_TK.mtx,102158,406858,2,4,1,0.106682,0.143931,3.32,3681339,9.0482,0,0,0,466493.800109,ok-shift3.9e-06
intel,cholmod-5,cn512-14-r,group5,thermomech_TK.mtx,102158,406858,2,8,1,0.106580,0.141876,3.37,3681339,9.0482,0,0,0,466493.800109,ok-shift3.9e-06
intel,cholmod-5,cn512-14-r,group5,thermomech_TK.mtx,102158,406858,2,16,1,0.109886,0.141853,3.37,3681339,9.0482,0,0,0,466493.800109,ok-shift3.9e-06
intel,cholmod-5,cn512-14-r,group5,thermomech_TK.mtx,102158,406858,2,32,1,0.110513,0.150877,3.17,3681339,9.0482,0,0,0,466493.800109,ok-shift3.9e-06
intel,cholmod-5,cn512-14-r,group5,thermomech_TK.mtx,102158,406858,2,40,1,0.108569,0.157276,3.04,3681339,9.0482,0,0,0,466493.800109,ok-shift3.9e-06
intel,cholmod-5,cn512-11-r,group2,inla_graph_bern_spd.mtx,96344,2181456,2,1,1,0.398404,0.512497,0.61,2787701,1.2779,0,0,0,187265.965283,ok
intel,cholmod-5,cn512-11-r,group2,inla_graph_bern_spd.mtx,96344,2181456,2,2,1,0.394906,0.514215,0.61,2787701,1.2779,0,0,0,187265.965283,ok
intel,cholmod-5,cn512-11-r,group2,inla_graph_bern_spd.mtx,96344,2181456,2,4,1,0.393481,0.510643,0.62,2787701,1.2779,0,0,0,187265.965283,ok
intel,cholmod-5,cn512-11-r,group2,inla_graph_bern_spd.mtx,96344,2181456,2,8,1,0.395387,0.520856,0.60,2787701,1.2779,0,0,0,187265.965283,ok
intel,cholmod-5,cn512-11-r,group2,inla_graph_bern_spd.mtx,96344,2181456,2,16,1,0.395346,0.513767,0.61,2787701,1.2779,0,0,0,187265.965283,ok
intel,cholmod-5,cn512-11-r,group2,inla_graph_bern_spd.mtx,96344,2181456,2,32,1,0.395992,0.517399,0.61,2787701,1.2779,0,0,0,187265.965283,ok
intel,cholmod-5,cn512-11-r,group2,inla_graph_bern_spd.mtx,96344,2181456,2,40,1,0.394556,0.517571,0.61,2787701,1.2779,0,0,0,187265.965283,ok
intel,cholmod-5,cn512-05-r,group2,inla_graph_animal2.mtx,50126,251427001,2,1,1,14.171628,487.720945,58.54,1055351801,4.1974,0,0,0,461827.749264,ok
