arch,library,host,group,matrix,n,nnz_upper,mtype,cores,rep,analyze_s,factor_s,factor_gflops,factor_nnz,fill_ratio,solve1_s,solve8_s,solve40_s,logdet,status
intel,mumps-5,cn512-16-l,group10,m_t1.mtx,97578,4925574,2,1,1,0.390924,0.865103,22.30,36308969,7.3715,0,0,0,1712163.662070,ok-ord5
intel,mumps-5,cn512-16-l,group10,m_t1.mtx,97578,4925574,2,2,1,0.381089,0.630031,30.63,36308969,7.3715,0,0,0,1712163.662070,ok-ord5
intel,mumps-5,cn512-16-l,group10,m_t1.mtx,97578,4925574,2,4,1,0.381329,0.386094,49.98,36308969,7.3715,0,0,0,1712163.662070,ok-ord5
intel,mumps-5,cn512-16-l,group10,m_t1.mtx,97578,4925574,2,8,1,0.379814,0.233392,82.67,36308969,7.3715,0,0,0,1712163.662070,ok-ord5
intel,mumps-5,cn512-16-l,group10,m_t1.mtx,97578,4925574,2,16,1,0.379652,0.191562,100.73,36308969,7.3715,0,0,0,1712163.662070,ok-ord5
intel,mumps-5,cn512-16-l,group10,m_t1.mtx,97578,4925574,2,32,1,0.382933,0.242534,79.56,36308969,7.3715,0,0,0,1712163.662070,ok-ord5
intel,mumps-5,cn512-16-l,group10,m_t1.mtx,97578,4925574,2,40,1,0.381024,0.320623,60.18,36308969,7.3715,0,0,0,1712163.662070,ok-ord5
intel,mumps-5,cn512-16-l,group10,smt.mtx,25710,1889447,2,1,1,0.215970,0.360291,23.97,13440055,7.1132,0,0,0,248159.737394,ok-ord5
intel,mumps-5,cn512-16-l,group10,smt.mtx,25710,1889447,2,2,1,0.214611,0.251896,34.29,13440055,7.1132,0,0,0,248159.737394,ok-ord5
intel,mumps-5,cn512-16-l,group10,smt.mtx,25710,1889447,2,4,1,0.209591,0.143848,60.04,13440055,7.1132,0,0,0,248159.737394,ok-ord5
intel,mumps-5,cn512-16-l,group10,smt.mtx,25710,1889447,2,8,1,0.209933,0.100497,85.94,13440055,7.1132,0,0,0,248159.737394,ok-ord5
intel,mumps-5,cn512-16-l,group10,smt.mtx,25710,1889447,2,16,1,0.210581,0.092226,93.65,13440055,7.1132,0,0,0,248159.737394,ok-ord5
intel,mumps-5,cn512-16-l,group10,smt.mtx,25710,1889447,2,32,1,0.211593,0.158707,54.42,13440055,7.1132,0,0,0,248159.737394,ok-ord5
intel,mumps-5,cn512-16-l,group10,smt.mtx,25710,1889447,2,40,1,0.209885,0.256025,33.73,13440055,7.1132,0,0,0,248159.737394,ok-ord5
intel,mumps-5,cn512-16-l,group10,thread.mtx,29736,2249892,2,1,1,0.255180,1.003410,38.28,27245699,12.1098,0,0,0,874494.954662,ok-ord5
intel,mumps-5,cn512-16-l,group10,thread.mtx,29736,2249892,2,2,1,0.256232,0.631401,60.84,27245699,12.1098,0,0,0,874494.954662,ok-ord5
intel,mumps-5,cn512-16-l,group10,thread.mtx,29736,2249892,2,4,1,0.255069,0.371548,103.38,27245699,12.1098,0,0,0,874494.954662,ok-ord5
intel,mumps-5,cn512-16-l,group10,thread.mtx,29736,2249892,2,8,1,0.257199,0.230262,166.82,27245699,12.1098,0,0,0,874494.954662,ok-ord5
intel,mumps-5,cn512-16-l,group10,thread.mtx,29736,2249892,2,16,1,0.253774,0.191742,200.33,27245699,12.1098,0,0,0,874494.954662,ok-ord5
intel,mumps-5,cn512-16-l,group10,thread.mtx,29736,2249892,2,32,1,0.255413,0.302058,127.17,27245699,12.1098,0,0,0,874494.954662,ok-ord5
intel,mumps-5,cn512-16-l,group10,thread.mtx,29736,2249892,2,40,1,0.257365,0.354965,108.21,27245699,12.1098,0,0,0,874494.954662,ok-ord5
intel,mumps-5,cn512-16-l,group11,inla_graph_lgm_10010_bw2.mtx,10010,327351,2,1,1,0.162819,0.093982,21.54,4631186,14.1475,0,0,0,92195.498200,ok-ord5
intel,mumps-5,cn512-16-l,group11,inla_graph_lgm_10010_bw2.mtx,10010,327351,2,2,1,0.162985,0.077074,26.27,4631186,14.1475,0,0,0,92195.498200,ok-ord5
intel,mumps-5,cn512-16-l,group11,inla_graph_lgm_10010_bw2.mtx,10010,327351,2,4,1,0.163529,0.047783,42.37,4631186,14.1475,0,0,0,92195.498200,ok-ord5
intel,mumps-5,cn512-16-l,group11,inla_graph_lgm_10010_bw2.mtx,10010,327351,2,8,1,0.162797,0.036437,55.57,4631186,14.1475,0,0,0,92195.498200,ok-ord5
intel,mumps-5,cn512-16-l,group11,inla_graph_lgm_10010_bw2.mtx,10010,327351,2,16,1,0.162762,0.046994,43.09,4631186,14.1475,0,0,0,92195.498200,ok-ord5
intel,mumps-5,cn512-16-l,group11,inla_graph_lgm_10010_bw2.mtx,10010,327351,2,32,1,0.162685,0.046379,43.66,4631186,14.1475,0,0,0,92195.498200,ok-ord5
intel,mumps-5,cn512-16-l,group11,inla_graph_lgm_10010_bw2.mtx,10010,327351,2,40,1,0.163275,0.051761,39.12,4631186,14.1475,0,0,0,92195.498200,ok-ord5
intel,mumps-5,cn512-16-l,group11,inla_graph_lgm_100200_bw1.mtx,100200,30054727,2,1,1,6.766562,15.499928,49.68,278682000,9.2725,0,0,0,922875.998029,ok-ord5
intel,mumps-5,cn512-16-l,group11,inla_graph_lgm_100200_bw1.mtx,100200,30054727,2,2,1,6.767602,9.065297,84.94,278682000,9.2725,0,0,0,922875.998029,ok-ord5
intel,mumps-5,cn512-16-l,group11,inla_graph_lgm_100200_bw1.mtx,100200,30054727,2,4,1,6.765722,4.951428,155.51,278682000,9.2725,0,0,0,922875.998029,ok-ord5
intel,mumps-5,cn512-16-l,group11,inla_graph_lgm_100200_bw1.mtx,100200,30054727,2,8,1,6.765250,2.941392,261.78,278682000,9.2725,0,0,0,922875.998029,ok-ord5
intel,mumps-5,cn512-16-l,group11,inla_graph_lgm_100200_bw1.mtx,100200,30054727,2,16,1,6.767833,2.650389,290.53,278682000,9.2725,0,0,0,922875.998029,ok-ord5
intel,mumps-5,cn512-16-l,group11,inla_graph_lgm_100200_bw1.mtx,100200,30054727,2,32,1,6.765843,2.411013,319.37,278682000,9.2725,0,0,0,922875.998029,ok-ord5
intel,mumps-5,cn512-16-l,group11,inla_graph_lgm_100200_bw1.mtx,100200,30054727,2,40,1,6.770136,1.981861,388.53,278682000,9.2725,0,0,0,922875.998029,ok-ord5
intel,mumps-5,cn512-16-l,group11,inla_graph_lgm_100200_bw2.mtx,100200,32026662,2,1,1,6.741361,41.429062,58.22,489911204,15.2970,0,0,0,922876.051816,ok-ord5
intel,mumps-5,cn512-16-l,group11,inla_graph_lgm_100200_bw2.mtx,100200,32026662,2,2,1,6.749103,23.263176,103.69,489911204,15.2970,0,0,0,922876.051816,ok-ord5
intel,mumps-5,cn512-16-l,group11,inla_graph_lgm_100200_bw2.mtx,100200,32026662,2,4,1,6.747576,12.318003,195.83,489911204,15.2970,0,0,0,922876.051816,ok-ord5
intel,mumps-5,cn512-16-l,group11,inla_graph_lgm_100200_bw2.mtx,100200,32026662,2,8,1,6.744722,6.795652,354.96,489911204,15.2970,0,0,0,922876.051816,ok-ord5
intel,mumps-5,cn512-16-l,group11,inla_graph_lgm_100200_bw2.mtx,100200,32026662,2,16,1,6.745712,5.974838,403.72,489911204,15.2970,0,0,0,922876.051816,ok-ord5
intel,mumps-5,cn512-16-l,group11,inla_graph_lgm_100200_bw2.mtx,100200,32026662,2,32,1,6.750396,4.580196,526.65,489911204,15.2970,0,0,0,922876.051816,ok-ord5
intel,mumps-5,cn512-16-l,group11,inla_graph_lgm_100200_bw2.mtx,100200,32026662,2,40,1,6.744768,4.740452,508.85,489911204,15.2970,0,0,0,922876.051816,ok-ord5
intel,mumps-5,cn512-16-l,group11,inla_graph_lgm_48600_bw2.mtx,48600,35663339,2,1,1,4.348181,28.077449,58.60,274524822,7.6977,0,0,0,447622.101009,ok-ord5
intel,mumps-5,cn512-16-l,group11,inla_graph_lgm_48600_bw2.mtx,48600,35663339,2,2,1,4.341123,15.904620,103.45,274524822,7.6977,0,0,0,447622.101009,ok-ord5
intel,mumps-5,cn512-16-l,group11,inla_graph_lgm_48600_bw2.mtx,48600,35663339,2,4,1,4.347299,8.636568,190.51,274524822,7.6977,0,0,0,447622.101009,ok-ord5
intel,mumps-5,cn512-16-l,group11,inla_graph_lgm_48600_bw2.mtx,48600,35663339,2,8,1,4.345709,5.906734,278.56,274524822,7.6977,0,0,0,447622.101009,ok-ord5
intel,mumps-5,cn512-16-l,group11,inla_graph_lgm_48600_bw2.mtx,48600,35663339,2,16,1,4.345694,4.689962,350.83,274524822,7.6977,0,0,0,447622.101009,ok-ord5
intel,mumps-5,cn512-16-l,group11,inla_graph_lgm_48600_bw2.mtx,48600,35663339,2,32,1,4.345923,4.379416,375.70,274524822,7.6977,0,0,0,447622.101009,ok-ord5
intel,mumps-5,cn512-16-l,group11,inla_graph_lgm_48600_bw2.mtx,48600,35663339,2,40,1,4.345482,4.336492,379.42,274524822,7.6977,0,0,0,447622.101009,ok-ord5
intel,mumps-5,cn512-16-l,group11,inla_graph_lgm_50000_bw15000.mtx,50000,7286160,2,1,1,2.136968,21.568705,55.99,205136670,28.1543,0,0,0,716715.217529,ok-ord5
intel,mumps-5,cn512-16-l,group11,inla_graph_lgm_50000_bw15000.mtx,50000,7286160,2,2,1,2.138935,12.343694,97.83,205136670,28.1543,0,0,0,716715.217529,ok-ord5
intel,mumps-5,cn512-16-l,group11,inla_graph_lgm_50000_bw15000.mtx,50000,7286160,2,4,1,2.140128,6.531878,184.88,205136670,28.1543,0,0,0,716715.217529,ok-ord5
intel,mumps-5,cn512-16-l,group11,inla_graph_lgm_50000_bw15000.mtx,50000,7286160,2,8,1,2.138018,3.709862,325.52,205136670,28.1543,0,0,0,716715.217529,ok-ord5
intel,mumps-5,cn512-16-l,group11,inla_graph_lgm_50000_bw15000.mtx,50000,7286160,2,16,1,2.139699,2.592812,465.76,205136670,28.1543,0,0,0,716715.217529,ok-ord5
intel,mumps-5,cn512-16-l,group11,inla_graph_lgm_50000_bw15000.mtx,50000,7286160,2,32,1,2.138204,2.623700,460.27,205136670,28.1543,0,0,0,716715.217529,ok-ord5
intel,mumps-5,cn512-16-l,group11,inla_graph_lgm_50000_bw15000.mtx,50000,7286160,2,40,1,2.140780,2.593323,465.66,205136670,28.1543,0,0,0,716715.217529,ok-ord5
intel,mumps-5,cn512-16-l,group11,inla_graph_lgm_50400_bw2.mtx,50400,23854872,2,1,1,6.433779,151.576295,66.46,666570678,27.9427,0,0,0,464200.468611,ok-ord5
intel,mumps-5,cn512-16-l,group11,inla_graph_lgm_50400_bw2.mtx,50400,23854872,2,2,1,6.419085,82.560759,122.02,666570678,27.9427,0,0,0,464200.468611,ok-ord5
intel,mumps-5,cn512-16-l,group11,inla_graph_lgm_50400_bw2.mtx,50400,23854872,2,4,1,6.420599,54.358547,185.33,666570678,27.9427,0,0,0,464200.468611,ok-ord5
intel,mumps-5,cn512-16-l,group11,inla_graph_lgm_50400_bw2.mtx,50400,23854872,2,8,1,6.412078,41.273411,244.09,666570678,27.9427,0,0,0,464200.468611,ok-ord5
intel,mumps-5,cn512-16-l,group11,inla_graph_lgm_50400_bw2.mtx,50400,23854872,2,16,1,6.416067,36.041858,279.52,666570678,27.9427,0,0,0,464200.468611,ok-ord5
intel,mumps-5,cn512-16-l,group11,inla_graph_lgm_50400_bw2.mtx,50400,23854872,2,32,1,6.418008,33.675451,299.16,666570678,27.9427,0,0,0,464200.468611,ok-ord5
intel,mumps-5,cn512-16-l,group11,inla_graph_lgm_50400_bw2.mtx,50400,23854872,2,40,1,6.422742,33.525183,300.50,666570678,27.9427,0,0,0,464200.468611,ok-ord5
intel,mumps-5,cn512-16-l,group1,bcsstk08.mtx,1074,7017,2,1,1,0.002666,0.001647,2.47,70557,10.0552,0,0,0,14650.230028,ok-ord2
intel,mumps-5,cn512-16-l,group1,bcsstk08.mtx,1074,7017,2,2,1,0.002685,0.002510,1.62,70557,10.0552,0,0,0,14650.230028,ok-ord2
intel,mumps-5,cn512-16-l,group1,bcsstk08.mtx,1074,7017,2,4,1,0.002676,0.002840,1.43,70557,10.0552,0,0,0,14650.230028,ok-ord2
intel,mumps-5,cn512-16-l,group1,bcsstk08.mtx,1074,7017,2,8,1,0.002710,0.002575,1.58,70557,10.0552,0,0,0,14650.230028,ok-ord2
intel,mumps-5,cn512-16-l,group1,bcsstk08.mtx,1074,7017,2,16,1,0.002707,0.003649,1.11,70557,10.0552,0,0,0,14650.230028,ok-ord2
intel,mumps-5,cn512-16-l,group1,bcsstk08.mtx,1074,7017,2,32,1,0.002770,0.004477,0.91,70557,10.0552,0,0,0,14650.230028,ok-ord2
intel,mumps-5,cn512-16-l,group1,bcsstk08.mtx,1074,7017,2,40,1,0.002747,0.005906,0.69,70557,10.0552,0,0,0,14650.230028,ok-ord2
intel,mumps-5,cn512-16-l,group1,bcsstk09.mtx,1083,9760,2,1,1,0.001484,0.001851,3.76,93366,9.5662,0,0,0,17170.252385,ok-ord2
intel,mumps-5,cn512-16-l,group1,bcsstk09.mtx,1083,9760,2,2,1,0.001489,0.002648,2.62,93366,9.5662,0,0,0,17170.252385,ok-ord2
intel,mumps-5,cn512-16-l,group1,bcsstk09.mtx,1083,9760,2,4,1,0.001504,0.002809,2.48,93366,9.5662,0,0,0,17170.252385,ok-ord2
intel,mumps-5,cn512-16-l,group1,bcsstk09.mtx,1083,9760,2,8,1,0.001518,0.003601,1.93,93366,9.5662,0,0,0,17170.252385,ok-ord2
intel,mumps-5,cn512-16-l,group1,bcsstk09.mtx,1083,9760,2,16,1,0.001526,0.003921,1.77,93366,9.5662,0,0,0,17170.252385,ok-ord2
intel,mumps-5,cn512-16-l,group1,bcsstk09.mtx,1083,9760,2,32,1,0.001559,0.005456,1.27,93366,9.5662,0,0,0,17170.252385,ok-ord2
intel,mumps-5,cn512-16-l,group1,bcsstk09.mtx,1083,9760,2,40,1,0.001534,0.005793,1.20,93366,9.5662,0,0,0,17170.252385,ok-ord2
intel,mumps-5,cn512-16-l,group1,bcsstk10.mtx,1086,11578,2,1,1,0.000695,0.001185,0.85,40371,3.4869,0,0,0,14238.307934,ok-ord2
intel,mumps-5,cn512-16-l,group1,bcsstk10.mtx,1086,11578,2,2,1,0.000678,0.002093,0.48,40371,3.4869,0,0,0,14238.307934,ok-ord2
intel,mumps-5,cn512-16-l,group1,bcsstk10.mtx,1086,11578,2,4,1,0.000692,0.002922,0.34,40371,3.4869,0,0,0,14238.307934,ok-ord2
intel,mumps-5,cn512-16-l,group1,bcsstk10.mtx,1086,11578,2,8,1,0.000710,0.003224,0.31,40371,3.4869,0,0,0,14238.307934,ok-ord2
intel,mumps-5,cn512-16-l,group1,bcsstk10.mtx,1086,11578,2,16,1,0.000709,0.002187,0.46,40371,3.4869,0,0,0,14238.307934,ok-ord2
intel,mumps-5,cn512-16-l,group1,bcsstk10.mtx,1086,11578,2,32,1,0.000725,0.002685,0.37,40371,3.4869,0,0,0,14238.307934,ok-ord2
intel,mumps-5,cn512-16-l,group1,bcsstk10.mtx,1086,11578,2,40,1,0.000728,0.003726,0.27,40371,3.4869,0,0,0,14238.307934,ok-ord2
intel,mumps-5,cn512-16-l,group1,bcsstk11.mtx,1473,17857,2,1,1,0.001058,0.002035,1.69,80454,4.5055,0,0,0,21933.879929,ok-ord2
intel,mumps-5,cn512-16-l,group1,bcsstk11.mtx,1473,17857,2,2,1,0.001055,0.002842,1.21,80454,4.5055,0,0,0,21933.879929,ok-ord2
intel,mumps-5,cn512-16-l,group1,bcsstk11.mtx,1473,17857,2,4,1,0.001073,0.002561,1.34,80454,4.5055,0,0,0,21933.879929,ok-ord2
intel,mumps-5,cn512-16-l,group1,bcsstk11.mtx,1473,17857,2,8,1,0.001104,0.003754,0.92,80454,4.5055,0,0,0,21933.879929,ok-ord2
intel,mumps-5,cn512-16-l,group1,bcsstk11.mtx,1473,17857,2,16,1,0.001147,0.004109,0.84,80454,4.5055,0,0,0,21933.879929,ok-ord2
intel,mumps-5,cn512-16-l,group1,bcsstk11.mtx,1473,17857,2,32,1,0.001163,0.004629,0.74,80454,4.5055,0,0,0,21933.879929,ok-ord2
intel,mumps-5,cn512-16-l,group1,bcsstk11.mtx,1473,17857,2,40,1,0.001190,0.004930,0.70,80454,4.5055,0,0,0,21933.879929,ok-ord2
intel,mumps-5,cn512-16-l,group1,bcsstk13.mtx,2003,42943,2,1,1,0.003697,0.006753,11.88,374301,8.7162,0,0,0,38330.044617,ok-ord2
intel,mumps-5,cn512-16-l,group1,bcsstk13.mtx,2003,42943,2,2,1,0.003601,0.006861,11.69,374301,8.7162,0,0,0,38330.044617,ok-ord2
intel,mumps-5,cn512-16-l,group1,bcsstk13.mtx,2003,42943,2,4,1,0.003608,0.006900,11.63,374301,8.7162,0,0,0,38330.044617,ok-ord2
intel,mumps-5,cn512-16-l,group1,bcsstk13.mtx,2003,42943,2,8,1,0.003659,0.007335,10.94,374301,8.7162,0,0,0,38330.044617,ok-ord2
intel,mumps-5,cn512-16-l,group1,bcsstk13.mtx,2003,42943,2,16,1,0.003721,0.007965,10.07,374301,8.7162,0,0,0,38330.044617,ok-ord2
intel,mumps-5,cn512-16-l,group1,bcsstk13.mtx,2003,42943,2,32,1,0.003699,0.009437,8.50,374301,8.7162,0,0,0,38330.044617,ok-ord2
intel,mumps-5,cn512-16-l,group1,bcsstk13.mtx,2003,42943,2,40,1,0.003702,0.014211,5.65,374301,8.7162,0,0,0,38330.044617,ok-ord2
intel,mumps-5,cn512-16-l,group1,bcsstk14.mtx,1806,32630,2,1,1,0.002668,0.003422,3.41,151415,4.6404,0,0,0,30355.020618,ok-ord2
intel,mumps-5,cn512-16-l,group1,bcsstk14.mtx,1806,32630,2,2,1,0.001957,0.004377,2.66,151415,4.6404,0,0,0,30355.020618,ok-ord2
intel,mumps-5,cn512-16-l,group1,bcsstk14.mtx,1806,32630,2,4,1,0.001961,0.004621,2.52,151415,4.6404,0,0,0,30355.020618,ok-ord2
intel,mumps-5,cn512-16-l,group1,bcsstk14.mtx,1806,32630,2,8,1,0.002010,0.003904,2.99,151415,4.6404,0,0,0,30355.020618,ok-ord2
intel,mumps-5,cn512-16-l,group1,bcsstk14.mtx,1806,32630,2,16,1,0.002118,0.005666,2.06,151415,4.6404,0,0,0,30355.020618,ok-ord2
intel,mumps-5,cn512-16-l,group1,bcsstk14.mtx,1806,32630,2,32,1,0.002158,0.007235,1.61,151415,4.6404,0,0,0,30355.020618,ok-ord2
intel,mumps-5,cn512-16-l,group1,bcsstk14.mtx,1806,32630,2,40,1,0.002179,0.009174,1.27,151415,4.6404,0,0,0,30355.020618,ok-ord2
intel,mumps-5,cn512-16-l,group1,bcsstk15.mtx,3948,60882,2,1,1,0.007119,0.014633,13.90,852301,13.9992,0,0,0,65400.181216,ok-ord2
intel,mumps-5,cn512-16-l,group1,bcsstk15.mtx,3948,60882,2,2,1,0.006513,0.012830,15.86,852301,13.9992,0,0,0,65400.181216,ok-ord2
intel,mumps-5,cn512-16-l,group1,bcsstk15.mtx,3948,60882,2,4,1,0.006550,0.009616,21.16,852301,13.9992,0,0,0,65400.181216,ok-ord2
intel,mumps-5,cn512-16-l,group1,bcsstk15.mtx,3948,60882,2,8,1,0.006575,0.014704,13.84,852301,13.9992,0,0,0,65400.181216,ok-ord2
intel,mumps-5,cn512-16-l,group1,bcsstk15.mtx,3948,60882,2,16,1,0.006712,0.022929,8.87,852301,13.9992,0,0,0,65400.181216,ok-ord2
intel,mumps-5,cn512-16-l,group1,bcsstk15.mtx,3948,60882,2,32,1,0.006928,0.035008,5.81,852301,13.9992,0,0,0,65400.181216,ok-ord2
intel,mumps-5,cn512-16-l,group1,bcsstk15.mtx,3948,60882,2,40,1,0.006998,0.055717,3.65,852301,13.9992,0,0,0,65400.181216,ok-ord2
intel,mumps-5,cn512-16-l,group1,bcsstk16.mtx,4884,147631,2,1,1,0.005575,0.017576,11.99,1029918,6.9763,0,0,0,96826.292845,ok-ord2
intel,mumps-5,cn512-16-l,group1,bcsstk16.mtx,4884,147631,2,2,1,0.005373,0.018369,11.47,1029918,6.9763,0,0,0,96826.292845,ok-ord2
intel,mumps-5,cn512-16-l,group1,bcsstk16.mtx,4884,147631,2,4,1,0.005564,0.017115,12.31,1029918,6.9763,0,0,0,96826.292845,ok-ord2
intel,mumps-5,cn512-16-l,group1,bcsstk16.mtx,4884,147631,2,8,1,0.005519,0.016974,12.41,1029918,6.9763,0,0,0,96826.292845,ok-ord2
intel,mumps-5,cn512-16-l,group1,bcsstk16.mtx,4884,147631,2,16,1,0.005672,0.021409,9.84,1029918,6.9763,0,0,0,96826.292845,ok-ord2
intel,mumps-5,cn512-16-l,group1,bcsstk16.mtx,4884,147631,2,32,1,0.005832,0.027055,7.79,1029918,6.9763,0,0,0,96826.292845,ok-ord2
intel,mumps-5,cn512-16-l,group1,bcsstk16.mtx,4884,147631,2,40,1,0.005855,0.031595,6.67,1029918,6.9763,0,0,0,96826.292845,ok-ord2
intel,mumps-5,cn512-16-l,group1,bcsstk17.mtx,10974,219812,2,1,1,0.049121,0.026884,7.71,1439578,6.5491,0,0,0,163521.693307,ok-ord5
intel,mumps-5,cn512-16-l,group1,bcsstk17.mtx,10974,219812,2,2,1,0.048855,0.027689,7.48,1439578,6.5491,0,0,0,163521.693307,ok-ord5
intel,mumps-5,cn512-16-l,group1,bcsstk17.mtx,10974,219812,2,4,1,0.049126,0.023536,8.80,1439578,6.5491,0,0,0,163521.693307,ok-ord5
intel,mumps-5,cn512-16-l,group1,bcsstk17.mtx,10974,219812,2,8,1,0.049218,0.014523,14.27,1439578,6.5491,0,0,0,163521.693307,ok-ord5
intel,mumps-5,cn512-16-l,group1,bcsstk17.mtx,10974,219812,2,16,1,0.049423,0.019362,10.70,1439578,6.5491,0,0,0,163521.693307,ok-ord5
intel,mumps-5,cn512-16-l,group1,bcsstk17.mtx,10974,219812,2,32,1,0.050687,0.035539,5.83,1439578,6.5491,0,0,0,163521.693307,ok-ord5
intel,mumps-5,cn512-16-l,group1,bcsstk17.mtx,10974,219812,2,40,1,0.051755,0.053732,3.86,1439578,6.5491,0,0,0,163521.693307,ok-ord5
intel,mumps-5,cn512-16-l,group1,bcsstk18.mtx,11948,80519,2,1,1,0.082200,0.019652,4.91,862037,10.7060,0,0,0,178262.815928,ok-ord5
intel,mumps-5,cn512-16-l,group1,bcsstk18.mtx,11948,80519,2,2,1,0.082162,0.019838,4.87,862037,10.7060,0,0,0,178262.815928,ok-ord5
intel,mumps-5,cn512-16-l,group1,bcsstk18.mtx,11948,80519,2,4,1,0.081946,0.012536,7.70,862037,10.7060,0,0,0,178262.815928,ok-ord5
intel,mumps-5,cn512-16-l,group1,bcsstk18.mtx,11948,80519,2,8,1,0.082030,0.011029,8.75,862037,10.7060,0,0,0,178262.815928,ok-ord5
intel,mumps-5,cn512-16-l,group1,bcsstk18.mtx,11948,80519,2,16,1,0.082479,0.010331,9.34,862037,10.7060,0,0,0,178262.815928,ok-ord5
intel,mumps-5,cn512-16-l,group1,bcsstk18.mtx,11948,80519,2,32,1,0.083847,0.019245,5.02,862037,10.7060,0,0,0,178262.815928,ok-ord5
intel,mumps-5,cn512-16-l,group1,bcsstk18.mtx,11948,80519,2,40,1,0.084695,0.023168,4.17,862037,10.7060,0,0,0,178262.815928,ok-ord5
intel,mumps-5,cn512-16-l,group2,inla_graph_83o4NNNo.mtx,25853,778924,2,1,1,0.399640,0.159852,13.48,7636326,9.8037,0,0,0,178611.296824,ok-ord5
intel,mumps-5,cn512-16-l,group2,inla_graph_83o4NNNo.mtx,25853,778924,2,2,1,0.399043,0.130424,16.53,7636326,9.8037,0,0,0,178611.296824,ok-ord5
intel,mumps-5,cn512-16-l,group2,inla_graph_83o4NNNo.mtx,25853,778924,2,4,1,0.399540,0.082373,26.17,7636326,9.8037,0,0,0,178611.296824,ok-ord5
intel,mumps-5,cn512-16-l,group2,inla_graph_83o4NNNo.mtx,25853,778924,2,8,1,0.399197,0.061344,35.14,7636326,9.8037,0,0,0,178611.296824,ok-ord5
intel,mumps-5,cn512-16-l,group2,inla_graph_83o4NNNo.mtx,25853,778924,2,16,1,0.397449,0.052867,40.77,7636326,9.8037,0,0,0,178611.296824,ok-ord5
intel,mumps-5,cn512-16-l,group2,inla_graph_83o4NNNo.mtx,25853,778924,2,32,1,0.397967,0.105883,20.36,7636326,9.8037,0,0,0,178611.296824,ok-ord5
intel,mumps-5,cn512-16-l,group2,inla_graph_83o4NNNo.mtx,25853,778924,2,40,1,0.398566,0.167287,12.89,7636326,9.8037,0,0,0,178611.296824,ok-ord5
intel,mumps-5,cn512-16-l,group2,inla_graph_8rtKSK.mtx,7860,32965,2,1,1,0.005794,0.007332,0.44,200612,6.0856,0,0,0,54302.787529,ok-ord6
intel,mumps-5,cn512-16-l,group2,inla_graph_8rtKSK.mtx,7860,32965,2,2,1,0.005973,0.007237,0.44,200612,6.0856,0,0,0,54302.787529,ok-ord6
intel,mumps-5,cn512-16-l,group2,inla_graph_8rtKSK.mtx,7860,32965,2,4,1,0.006010,0.006132,0.52,200612,6.0856,0,0,0,54302.787529,ok-ord6
intel,mumps-5,cn512-16-l,group2,inla_graph_8rtKSK.mtx,7860,32965,2,8,1,0.006028,0.005757,0.56,200612,6.0856,0,0,0,54302.787529,ok-ord6
intel,mumps-5,cn512-16-l,group2,inla_graph_8rtKSK.mtx,7860,32965,2,16,1,0.006541,0.006894,0.46,200612,6.0856,0,0,0,54302.787529,ok-ord6
intel,mumps-5,cn512-16-l,group2,inla_graph_8rtKSK.mtx,7860,32965,2,32,1,0.007484,0.008778,0.36,200612,6.0856,0,0,0,54302.787529,ok-ord6
intel,mumps-5,cn512-16-l,group2,inla_graph_8rtKSK.mtx,7860,32965,2,40,1,0.008064,0.009337,0.34,200612,6.0856,0,0,0,54302.787529,ok-ord6
intel,mumps-5,cn512-16-l,group2,inla_graph_animal1.mtx,5126,2644501,2,1,1,0.080223,0.513709,40.38,9839770,3.7208,0,0,0,35560.744470,ok-ord2
intel,mumps-5,cn512-16-l,group2,inla_graph_animal1.mtx,5126,2644501,2,2,1,0.080886,0.319597,64.90,9839770,3.7208,0,0,0,35560.744470,ok-ord2
intel,mumps-5,cn512-16-l,group2,inla_graph_animal1.mtx,5126,2644501,2,4,1,0.080709,0.203682,101.83,9839770,3.7208,0,0,0,35560.744470,ok-ord2
intel,mumps-5,cn512-16-l,group2,inla_graph_animal1.mtx,5126,2644501,2,8,1,0.081641,0.159997,129.64,9839770,3.7208,0,0,0,35560.744470,ok-ord2
intel,mumps-5,cn512-16-l,group2,inla_graph_animal1.mtx,5126,2644501,2,16,1,0.080875,0.132536,156.50,9839770,3.7208,0,0,0,35560.744470,ok-ord2
intel,mumps-5,cn512-16-l,group2,inla_graph_animal1.mtx,5126,2644501,2,32,1,0.080818,0.143116,144.93,9839770,3.7208,0,0,0,35560.744470,ok-ord2
intel,mumps-5,cn512-16-l,group2,inla_graph_animal1.mtx,5126,2644501,2,40,1,0.081034,0.152178,136.30,9839770,3.7208,0,0,0,35560.744470,ok-ord2
intel,mumps-5,cn512-16-l,group2,inla_graph_animal2.mtx,50126,251427001,2,1,1,27.313578,297.568024,67.39,936296255,3.7239,0,0,0,461827.749264,ok-ord5
intel,mumps-5,cn512-16-l,group2,inla_graph_animal2.mtx,50126,251427001,2,2,1,27.289906,165.404388,121.23,936296255,3.7239,0,0,0,461827.749264,ok-ord5
intel,mumps-5,cn512-16-l,group2,inla_graph_animal2.mtx,50126,251427001,2,4,1,27.281902,95.564316,209.83,936296255,3.7239,0,0,0,461827.749264,ok-ord5
intel,mumps-5,cn512-16-l,group2,inla_graph_animal2.mtx,50126,251427001,2,8,1,27.288812,58.610210,342.13,936296255,3.7239,0,0,0,461827.749264,ok-ord5
intel,mumps-5,cn512-16-l,group2,inla_graph_animal2.mtx,50126,251427001,2,16,1,27.278402,42.647183,470.19,936296255,3.7239,0,0,0,461827.749264,ok-ord5
intel,mumps-5,cn512-16-l,group2,inla_graph_animal2.mtx,50126,251427001,2,32,1,27.273021,36.119908,555.16,936296255,3.7239,0,0,0,461827.749264,ok-ord5
intel,mumps-5,cn512-16-l,group2,inla_graph_animal2.mtx,50126,251427001,2,40,1,27.304675,35.653863,562.42,936296255,3.7239,0,0,0,461827.749264,ok-ord5
intel,mumps-5,cn512-16-l,group2,inla_graph_ayaLRw.mtx,69224,168584,2,1,1,0.319020,0.054931,0.40,1601612,9.5004,0,0,0,478251.541687,ok-ord5
intel,mumps-5,cn512-16-l,group2,inla_graph_ayaLRw.mtx,69224,168584,2,2,1,0.333429,0.052087,0.42,1601612,9.5004,0,0,0,478251.541687,ok-ord5
intel,mumps-5,cn512-16-l,group2,inla_graph_ayaLRw.mtx,69224,168584,2,4,1,0.329442,0.042434,0.52,1601612,9.5004,0,0,0,478251.541687,ok-ord5
intel,mumps-5,cn512-16-l,group2,inla_graph_ayaLRw.mtx,69224,168584,2,8,1,0.324795,0.034882,0.63,1601612,9.5004,0,0,0,478251.541687,ok-ord5
intel,mumps-5,cn512-16-l,group2,inla_graph_ayaLRw.mtx,69224,168584,2,16,1,0.320530,0.026735,0.82,1601612,9.5004,0,0,0,478251.541687,ok-ord5
intel,mumps-5,cn512-16-l,group2,inla_graph_ayaLRw.mtx,69224,168584,2,32,1,0.319138,0.029893,0.74,1601612,9.5004,0,0,0,478251.541687,ok-ord5
intel,mumps-5,cn512-16-l,group2,inla_graph_ayaLRw.mtx,69224,168584,2,40,1,0.318908,0.028638,0.77,1601612,9.5004,0,0,0,478251.541687,ok-ord5
intel,mumps-5,cn512-16-l,group2,inla_graph_diff.mtx,21529,200017,2,1,1,0.149212,0.036330,5.22,1560561,7.8021,0,0,0,148738.403451,ok-ord5
intel,mumps-5,cn512-16-l,group2,inla_graph_diff.mtx,21529,200017,2,2,1,0.148534,0.036829,5.15,1560561,7.8021,0,0,0,148738.403451,ok-ord5
intel,mumps-5,cn512-16-l,group2,inla_graph_diff.mtx,21529,200017,2,4,1,0.148757,0.023913,7.93,1560561,7.8021,0,0,0,148738.403451,ok-ord5
intel,mumps-5,cn512-16-l,group2,inla_graph_diff.mtx,21529,200017,2,8,1,0.148807,0.018812,10.08,1560561,7.8021,0,0,0,148738.403451,ok-ord5
intel,mumps-5,cn512-16-l,group2,inla_graph_diff.mtx,21529,200017,2,16,1,0.148984,0.018137,10.46,1560561,7.8021,0,0,0,148738.403451,ok-ord5
intel,mumps-5,cn512-16-l,group2,inla_graph_diff.mtx,21529,200017,2,32,1,0.149223,0.028020,6.77,1560561,7.8021,0,0,0,148738.403451,ok-ord5
intel,mumps-5,cn512-16-l,group2,inla_graph_diff.mtx,21529,200017,2,40,1,0.149672,0.030853,6.15,1560561,7.8021,0,0,0,148738.403451,ok-ord5
intel,mumps-5,cn512-16-l,group2,inla_graph_ferris.mtx,42961,650694,2,1,1,0.451727,0.126235,6.92,5544097,8.5203,0,0,0,296806.395604,ok-ord5
intel,mumps-5,cn512-16-l,group2,inla_graph_ferris.mtx,42961,650694,2,2,1,0.452495,0.107947,8.10,5544097,8.5203,0,0,0,296806.395604,ok-ord5
intel,mumps-5,cn512-16-l,group2,inla_graph_ferris.mtx,42961,650694,2,4,1,0.451353,0.073797,11.84,5544097,8.5203,0,0,0,296806.395604,ok-ord5
intel,mumps-5,cn512-16-l,group2,inla_graph_ferris.mtx,42961,650694,2,8,1,0.451680,0.049053,17.82,5544097,8.5203,0,0,0,296806.395604,ok-ord5
intel,mumps-5,cn512-16-l,group2,inla_graph_ferris.mtx,42961,650694,2,16,1,0.451332,0.036101,24.21,5544097,8.5203,0,0,0,296806.395604,ok-ord5
intel,mumps-5,cn512-16-l,group2,inla_graph_ferris.mtx,42961,650694,2,32,1,0.451513,0.055400,15.78,5544097,8.5203,0,0,0,296806.395604,ok-ord5
intel,mumps-5,cn512-16-l,group2,inla_graph_ferris.mtx,42961,650694,2,40,1,0.452303,0.063359,13.79,5544097,8.5203,0,0,0,296806.395604,ok-ord5
intel,mumps-5,cn512-16-l,group2,inla_graph_lidense.mtx,12509,17292917,2,1,1,0.577747,1.510904,44.73,19175503,1.1089,0,0,0,63088.656419,ok-ord5
intel,mumps-5,cn512-16-l,group2,inla_graph_lidense.mtx,12509,17292917,2,2,1,0.576764,0.925639,73.01,19175503,1.1089,0,0,0,63088.656419,ok-ord5
intel,mumps-5,cn512-16-l,group2,inla_graph_lidense.mtx,12509,17292917,2,4,1,0.577613,0.594259,113.72,19175503,1.1089,0,0,0,63088.656419,ok-ord5
intel,mumps-5,cn512-16-l,group2,inla_graph_lidense.mtx,12509,17292917,2,8,1,0.578057,0.435235,155.27,19175503,1.1089,0,0,0,63088.656419,ok-ord5
intel,mumps-5,cn512-16-l,group2,inla_graph_lidense.mtx,12509,17292917,2,16,1,0.578707,0.377372,179.08,19175503,1.1089,0,0,0,63088.656419,ok-ord5
intel,mumps-5,cn512-16-l,group2,inla_graph_lidense.mtx,12509,17292917,2,32,1,0.578006,0.383587,176.18,19175503,1.1089,0,0,0,63088.656419,ok-ord5
intel,mumps-5,cn512-16-l,group2,inla_graph_lidense.mtx,12509,17292917,2,40,1,0.577587,0.386182,174.99,19175503,1.1089,0,0,0,63088.656419,ok-ord5
intel,mumps-5,cn512-16-l,group2,inla_graph_net1628760.mtx,1628760,14802802,2,1,1,19.996153,8.212814,3.53,171059006,11.5559,0,0,0,15010645.235025,ok-ord5
intel,mumps-5,cn512-16-l,group2,inla_graph_net1628760.mtx,1628760,14802802,2,2,1,20.157892,5.887340,4.93,171059006,11.5559,0,0,0,15010645.235025,ok-ord5
intel,mumps-5,cn512-16-l,group2,inla_graph_net1628760.mtx,1628760,14802802,2,4,1,20.015654,3.681785,7.88,171059006,11.5559,0,0,0,15010645.235025,ok-ord5
intel,mumps-5,cn512-16-l,group2,inla_graph_net1628760.mtx,1628760,14802802,2,8,1,20.015747,2.230637,13.01,171059006,11.5559,0,0,0,15010645.235025,ok-ord5
intel,mumps-5,cn512-16-l,group2,inla_graph_net1628760.mtx,1628760,14802802,2,16,1,19.994433,1.296365,22.39,171059006,11.5559,0,0,0,15010645.235025,ok-ord5
intel,mumps-5,cn512-16-l,group2,inla_graph_net1628760.mtx,1628760,14802802,2,32,1,19.995001,1.085600,26.74,171059006,11.5559,0,0,0,15010645.235025,ok-ord5
intel,mumps-5,cn512-16-l,group2,inla_graph_net1628760.mtx,1628760,14802802,2,40,1,19.979907,0.985088,29.47,171059006,11.5559,0,0,0,15010645.235025,ok-ord5
intel,mumps-5,cn512-16-l,group2,inla_graph_net814381.mtx,81438,189532,2,1,1,0.374125,0.064059,0.35,1788783,9.4379,0,0,0,562716.164997,ok-ord5
intel,mumps-5,cn512-16-l,group2,inla_graph_net814381.mtx,81438,189532,2,2,1,0.396163,0.061622,0.36,1788783,9.4379,0,0,0,562716.164997,ok-ord5
intel,mumps-5,cn512-16-l,group2,inla_graph_net814381.mtx,81438,189532,2,4,1,0.391184,0.048525,0.46,1788783,9.4379,0,0,0,562716.164997,ok-ord5
intel,mumps-5,cn512-16-l,group2,inla_graph_net814381.mtx,81438,189532,2,8,1,0.384745,0.040387,0.56,1788783,9.4379,0,0,0,562716.164997,ok-ord5
intel,mumps-5,cn512-16-l,group2,inla_graph_net814381.mtx,81438,189532,2,16,1,0.376868,0.031644,0.71,1788783,9.4379,0,0,0,562716.164997,ok-ord5
intel,mumps-5,cn512-16-l,group2,inla_graph_net814381.mtx,81438,189532,2,32,1,0.375116,0.032435,0.69,1788783,9.4379,0,0,0,562716.164997,ok-ord5
intel,mumps-5,cn512-16-l,group2,inla_graph_net814381.mtx,81438,189532,2,40,1,0.374798,0.031976,0.70,1788783,9.4379,0,0,0,562716.164997,ok-ord5
intel,mumps-5,cn512-16-l,group2,inla_graph_pedigree.mtx,92699,277983,2,1,1,0.296090,0.350000,0.03,663696,2.3875,0,0,0,63818.060914,ok-ord5
intel,mumps-5,cn512-16-l,group2,inla_graph_pedigree.mtx,92699,277983,2,2,1,0.302707,0.281240,0.04,663696,2.3875,0,0,0,63818.060914,ok-ord5
intel,mumps-5,cn512-16-l,group2,inla_graph_pedigree.mtx,92699,277983,2,4,1,0.298530,0.159676,0.08,663696,2.3875,0,0,0,63818.060914,ok-ord5
intel,mumps-5,cn512-16-l,group2,inla_graph_pedigree.mtx,92699,277983,2,8,1,0.295484,0.104175,0.12,663696,2.3875,0,0,0,63818.060914,ok-ord5
intel,mumps-5,cn512-16-l,group2,inla_graph_pedigree.mtx,92699,277983,2,16,1,0.301070,0.081570,0.15,663696,2.3875,0,0,0,63818.060914,ok-ord5
intel,mumps-5,cn512-16-l,group2,inla_graph_pedigree.mtx,92699,277983,2,32,1,0.315521,0.131557,0.09,663696,2.3875,0,0,0,63818.060914,ok-ord5
intel,mumps-5,cn512-16-l,group2,inla_graph_pedigree.mtx,92699,277983,2,40,1,0.325135,0.146395,0.08,663696,2.3875,0,0,0,63818.060914,ok-ord5
intel,mumps-5,cn512-16-l,group2,inla_graph_sem_n100000.mtx,600006,2700006,2,1,1,1.487829,0.622437,0.09,7200360,2.6668,0,0,0,1144438.478597,ok-ord5
intel,mumps-5,cn512-16-l,group2,inla_graph_sem_n100000.mtx,600006,2700006,2,2,1,1.496564,0.551052,0.10,7200360,2.6668,0,0,0,1144438.478597,ok-ord5
intel,mumps-5,cn512-16-l,group2,inla_graph_sem_n100000.mtx,600006,2700006,2,4,1,1.502157,0.431137,0.13,7200360,2.6668,0,0,0,1144438.478597,ok-ord5
intel,mumps-5,cn512-16-l,group2,inla_graph_sem_n100000.mtx,600006,2700006,2,8,1,1.505702,0.356449,0.16,7200360,2.6668,0,0,0,1144438.478597,ok-ord5
intel,mumps-5,cn512-16-l,group2,inla_graph_sem_n100000.mtx,600006,2700006,2,16,1,1.512262,0.276066,0.20,7200360,2.6668,0,0,0,1144438.478597,ok-ord5
intel,mumps-5,cn512-16-l,group2,inla_graph_sem_n100000.mtx,600006,2700006,2,32,1,1.518768,0.283792,0.19,7200360,2.6668,0,0,0,1144438.478597,ok-ord5
intel,mumps-5,cn512-16-l,group2,inla_graph_sem_n100000.mtx,600006,2700006,2,40,1,1.520467,0.281541,0.20,7200360,2.6668,0,0,0,1144438.478597,ok-ord5
intel,mumps-5,cn512-16-l,group2,inla_graph_sem_n20000.mtx,120006,540006,2,1,1,0.238619,0.102815,0.11,1440360,2.6673,0,0,0,228932.502579,ok-ord5
intel,mumps-5,cn512-16-l,group2,inla_graph_sem_n20000.mtx,120006,540006,2,2,1,0.238901,0.106387,0.10,1440360,2.6673,0,0,0,228932.502579,ok-ord5
intel,mumps-5,cn512-16-l,group2,inla_graph_sem_n20000.mtx,120006,540006,2,4,1,0.240195,0.085054,0.13,1440360,2.6673,0,0,0,228932.502579,ok-ord5
intel,mumps-5,cn512-16-l,group2,inla_graph_sem_n20000.mtx,120006,540006,2,8,1,0.239916,0.068527,0.16,1440360,2.6673,0,0,0,228932.502579,ok-ord5
intel,mumps-5,cn512-16-l,group2,inla_graph_sem_n20000.mtx,120006,540006,2,16,1,0.243307,0.055497,0.20,1440360,2.6673,0,0,0,228932.502579,ok-ord5
intel,mumps-5,cn512-16-l,group2,inla_graph_sem_n20000.mtx,120006,540006,2,32,1,0.242824,0.057364,0.19,1440360,2.6673,0,0,0,228932.502579,ok-ord5
intel,mumps-5,cn512-16-l,group2,inla_graph_sem_n20000.mtx,120006,540006,2,40,1,0.244565,0.053843,0.21,1440360,2.6673,0,0,0,228932.502579,ok-ord5
intel,mumps-5,cn512-16-l,group2,inla_graph_sem_n2000.mtx,12006,54006,2,1,1,0.020598,0.011307,0.10,144360,2.6730,0,0,0,22932.018332,ok-ord5
intel,mumps-5,cn512-16-l,group2,inla_graph_sem_n2000.mtx,12006,54006,2,2,1,0.020385,0.012092,0.09,144360,2.6730,0,0,0,22932.018332,ok-ord5
intel,mumps-5,cn512-16-l,group2,inla_graph_sem_n2000.mtx,12006,54006,2,4,1,0.020459,0.010271,0.11,144360,2.6730,0,0,0,22932.018332,ok-ord5
intel,mumps-5,cn512-16-l,group2,inla_graph_sem_n2000.mtx,12006,54006,2,8,1,0.020635,0.009213,0.12,144360,2.6730,0,0,0,22932.018332,ok-ord5
intel,mumps-5,cn512-16-l,group2,inla_graph_sem_n2000.mtx,12006,54006,2,16,1,0.020637,0.007319,0.15,144360,2.6730,0,0,0,22932.018332,ok-ord5
intel,mumps-5,cn512-16-l,group2,inla_graph_sem_n2000.mtx,12006,54006,2,32,1,0.020901,0.006852,0.16,144360,2.6730,0,0,0,22932.018332,ok-ord5
intel,mumps-5,cn512-16-l,group2,inla_graph_sem_n2000.mtx,12006,54006,2,40,1,0.021038,0.006856,0.16,144360,2.6730,0,0,0,22932.018332,ok-ord5
intel,mumps-5,cn512-16-l,group2,inla_graph_sem_n5000.mtx,30006,135006,2,1,1,0.053907,0.029593,0.09,360360,2.6692,0,0,0,57268.625938,ok-ord5
intel,mumps-5,cn512-16-l,group2,inla_graph_sem_n5000.mtx,30006,135006,2,2,1,0.053544,0.028044,0.10,360360,2.6692,0,0,0,57268.625938,ok-ord5
intel,mumps-5,cn512-16-l,group2,inla_graph_sem_n5000.mtx,30006,135006,2,4,1,0.053569,0.023561,0.12,360360,2.6692,0,0,0,57268.625938,ok-ord5
intel,mumps-5,cn512-16-l,group2,inla_graph_sem_n5000.mtx,30006,135006,2,8,1,0.053931,0.019031,0.15,360360,2.6692,0,0,0,57268.625938,ok-ord5
intel,mumps-5,cn512-16-l,group2,inla_graph_sem_n5000.mtx,30006,135006,2,16,1,0.053996,0.015424,0.18,360360,2.6692,0,0,0,57268.625938,ok-ord5
intel,mumps-5,cn512-16-l,group2,inla_graph_sem_n5000.mtx,30006,135006,2,32,1,0.054264,0.014774,0.19,360360,2.6692,0,0,0,57268.625938,ok-ord5
intel,mumps-5,cn512-16-l,group2,inla_graph_sem_n5000.mtx,30006,135006,2,40,1,0.054802,0.015288,0.18,360360,2.6692,0,0,0,57268.625938,ok-ord5
intel,mumps-5,cn512-16-l,group2,inla_graph_sh7Pgi.mtx,15815,55395,2,1,1,0.077981,0.014814,0.90,518612,9.3621,0,0,0,19313.431183,ok-ord5
intel,mumps-5,cn512-16-l,group2,inla_graph_sh7Pgi.mtx,15815,55395,2,2,1,0.077765,0.015477,0.87,518612,9.3621,0,0,0,19313.431183,ok-ord5
intel,mumps-5,cn512-16-l,group2,inla_graph_sh7Pgi.mtx,15815,55395,2,4,1,0.077837,0.011885,1.13,518612,9.3621,0,0,0,19313.431183,ok-ord5
intel,mumps-5,cn512-16-l,group2,inla_graph_sh7Pgi.mtx,15815,55395,2,8,1,0.077660,0.008642,1.55,518612,9.3621,0,0,0,19313.431183,ok-ord5
intel,mumps-5,cn512-16-l,group2,inla_graph_sh7Pgi.mtx,15815,55395,2,16,1,0.078127,0.009543,1.40,518612,9.3621,0,0,0,19313.431183,ok-ord5
intel,mumps-5,cn512-16-l,group2,inla_graph_sh7Pgi.mtx,15815,55395,2,32,1,0.078183,0.017785,0.75,518612,9.3621,0,0,0,19313.431183,ok-ord5
intel,mumps-5,cn512-16-l,group2,inla_graph_sh7Pgi.mtx,15815,55395,2,40,1,0.078472,0.020724,0.65,518612,9.3621,0,0,0,19313.431183,ok-ord5
intel,mumps-5,cn512-16-l,group2,inla_graph_spacetime.mtx,24931,644273,2,1,1,0.454580,0.569632,34.78,19155646,29.7322,0,0,0,172241.555257,ok-ord5
intel,mumps-5,cn512-16-l,group2,inla_graph_spacetime.mtx,24931,644273,2,2,1,0.453422,0.381094,51.98,19155646,29.7322,0,0,0,172241.555257,ok-ord5
intel,mumps-5,cn512-16-l,group2,inla_graph_spacetime.mtx,24931,644273,2,4,1,0.452795,0.215816,91.79,19155646,29.7322,0,0,0,172241.555257,ok-ord5
intel,mumps-5,cn512-16-l,group2,inla_graph_spacetime.mtx,24931,644273,2,8,1,0.453071,0.142686,138.83,19155646,29.7322,0,0,0,172241.555257,ok-ord5
intel,mumps-5,cn512-16-l,group2,inla_graph_spacetime.mtx,24931,644273,2,16,1,0.454757,0.133423,148.47,19155646,29.7322,0,0,0,172241.555257,ok-ord5
intel,mumps-5,cn512-16-l,group2,inla_graph_spacetime.mtx,24931,644273,2,32,1,0.452258,0.227283,87.16,19155646,29.7322,0,0,0,172241.555257,ok-ord5
intel,mumps-5,cn512-16-l,group2,inla_graph_spacetime.mtx,24931,644273,2,40,1,0.452357,0.279558,70.86,19155646,29.7322,0,0,0,172241.555257,ok-ord5
intel,mumps-5,cn512-16-l,group2,inla_graph_stcov.mtx,24300,7388370,2,1,1,0.792706,2.041134,17.97,23751166,3.2147,0,0,0,96697.995916,ok-ord5
intel,mumps-5,cn512-16-l,group2,inla_graph_stcov.mtx,24300,7388370,2,2,1,0.790858,2.555151,14.35,23751166,3.2147,0,0,0,96697.995916,ok-ord5
intel,mumps-5,cn512-16-l,group2,inla_graph_stcov.mtx,24300,7388370,2,4,1,0.791754,1.733345,21.16,23751166,3.2147,0,0,0,96697.995916,ok-ord5
intel,mumps-5,cn512-16-l,group2,inla_graph_stcov.mtx,24300,7388370,2,8,1,0.792753,1.417179,25.88,23751166,3.2147,0,0,0,96697.995916,ok-ord5
intel,mumps-5,cn512-16-l,group2,inla_graph_stcov.mtx,24300,7388370,2,16,1,0.794784,0.964835,38.02,23751166,3.2147,0,0,0,96697.995916,ok-ord5
intel,mumps-5,cn512-16-l,group2,inla_graph_stcov.mtx,24300,7388370,2,32,1,0.797742,0.871484,42.09,23751166,3.2147,0,0,0,96697.995916,ok-ord5
intel,mumps-5,cn512-16-l,group2,inla_graph_stcov.mtx,24300,7388370,2,40,1,0.809630,0.826786,44.36,23751166,3.2147,0,0,0,96697.995916,ok-ord5
intel,mumps-5,cn512-16-l,group2,inla_graph_yU0G1u.mtx,1517823,9238726,2,1,1,5.554356,2.245687,0.41,44713854,4.8398,0,0,0,10494796.183072,ok-ord5
intel,mumps-5,cn512-16-l,group2,inla_graph_yU0G1u.mtx,1517823,9238726,2,2,1,8.688783,1.940103,0.48,44713854,4.8398,0,0,0,10494796.183072,ok-ord5
intel,mumps-5,cn512-16-l,group2,inla_graph_yU0G1u.mtx,1517823,9238726,2,4,1,8.658370,1.405880,0.66,44713854,4.8398,0,0,0,10494796.183072,ok-ord5
intel,mumps-5,cn512-16-l,group2,inla_graph_yU0G1u.mtx,1517823,9238726,2,8,1,8.648016,1.047956,0.89,44713854,4.8398,0,0,0,10494796.183072,ok-ord5
intel,mumps-5,cn512-16-l,group2,inla_graph_yU0G1u.mtx,1517823,9238726,2,16,1,8.695359,0.738523,1.26,44713854,4.8398,0,0,0,10494796.183072,ok-ord5
intel,mumps-5,cn512-16-l,group2,inla_graph_yU0G1u.mtx,1517823,9238726,2,32,1,8.635359,0.711605,1.31,44713854,4.8398,0,0,0,10494796.183072,ok-ord5
intel,mumps-5,cn512-16-l,group2,inla_graph_yU0G1u.mtx,1517823,9238726,2,40,1,8.667552,0.747385,1.25,44713854,4.8398,0,0,0,10494796.183072,ok-ord5
intel,mumps-5,cn512-16-l,group3,audikw_1.mtx,943695,39297771,2,1,1,10.800560,104.975630,55.49,1317495065,33.5259,0,0,0,13250134.821289,ok-ord5
intel,mumps-5,cn512-16-l,group3,audikw_1.mtx,943695,39297771,2,2,1,10.791097,59.831976,97.36,1317495065,33.5259,0,0,0,13250134.821289,ok-ord5
intel,mumps-5,cn512-16-l,group3,audikw_1.mtx,943695,39297771,2,4,1,10.807036,31.359453,185.75,1317495065,33.5259,0,0,0,13250134.821289,ok-ord5
intel,mumps-5,cn512-16-l,group3,audikw_1.mtx,943695,39297771,2,8,1,10.774912,16.545466,352.07,1317495065,33.5259,0,0,0,13250134.821289,ok-ord5
intel,mumps-5,cn512-16-l,group3,audikw_1.mtx,943695,39297771,2,16,1,10.800849,11.323146,514.45,1317495065,33.5259,0,0,0,13250134.821289,ok-ord5
intel,mumps-5,cn512-16-l,group3,audikw_1.mtx,943695,39297771,2,32,1,10.791968,9.183240,634.32,1317495065,33.5259,0,0,0,13250134.821289,ok-ord5
intel,mumps-5,cn512-16-l,group3,audikw_1.mtx,943695,39297771,2,40,1,10.797465,9.472878,614.93,1317495065,33.5259,0,0,0,13250134.821289,ok-ord5
intel,mumps-5,cn512-16-l,group3,bmw3_2.mtx,227362,5757996,2,1,1,0.959532,1.242851,20.67,51063469,8.8683,0,0,0,870813.977559,ok-ord5
intel,mumps-5,cn512-16-l,group3,bmw3_2.mtx,227362,5757996,2,2,1,0.961427,0.898744,28.59,51063469,8.8683,0,0,0,870813.977559,ok-ord5
intel,mumps-5,cn512-16-l,group3,bmw3_2.mtx,227362,5757996,2,4,1,0.961059,0.535849,47.95,51063469,8.8683,0,0,0,870813.977559,ok-ord5
intel,mumps-5,cn512-16-l,group3,bmw3_2.mtx,227362,5757996,2,8,1,0.960618,0.324422,79.20,51063469,8.8683,0,0,0,870813.977559,ok-ord5
intel,mumps-5,cn512-16-l,group3,bmw3_2.mtx,227362,5757996,2,16,1,0.960078,0.231887,110.80,51063469,8.8683,0,0,0,870813.977559,ok-ord5
intel,mumps-5,cn512-16-l,group3,bmw3_2.mtx,227362,5757996,2,32,1,0.959307,0.295461,86.96,51063469,8.8683,0,0,0,870813.977559,ok-ord5
intel,mumps-5,cn512-16-l,group3,bmw3_2.mtx,227362,5757996,2,40,1,0.959746,0.318471,80.68,51063469,8.8683,0,0,0,870813.977559,ok-ord5
intel,mumps-5,cn512-16-l,group3,bmw7st_1.mtx,141347,3740507,2,1,1,0.469200,0.668043,16.47,29548849,7.8997,0,0,0,2004368.519203,ok-ord5
intel,mumps-5,cn512-16-l,group3,bmw7st_1.mtx,141347,3740507,2,2,1,0.467919,0.506481,21.72,29548849,7.8997,0,0,0,2004368.519203,ok-ord5
intel,mumps-5,cn512-16-l,group3,bmw7st_1.mtx,141347,3740507,2,4,1,0.471617,0.311746,35.29,29548849,7.8997,0,0,0,2004368.519203,ok-ord5
intel,mumps-5,cn512-16-l,group3,bmw7st_1.mtx,141347,3740507,2,8,1,0.469839,0.184699,59.57,29548849,7.8997,0,0,0,2004368.519203,ok-ord5
intel,mumps-5,cn512-16-l,group3,bmw7st_1.mtx,141347,3740507,2,16,1,0.472611,0.126342,87.08,29548849,7.8997,0,0,0,2004368.519203,ok-ord5
intel,mumps-5,cn512-16-l,group3,bmw7st_1.mtx,141347,3740507,2,32,1,0.474115,0.177040,62.15,29548849,7.8997,0,0,0,2004368.519203,ok-ord5
intel,mumps-5,cn512-16-l,group3,bmw7st_1.mtx,141347,3740507,2,40,1,0.472465,0.208673,52.73,29548849,7.8997,0,0,0,2004368.519203,ok-ord5
intel,mumps-5,cn512-16-l,group3,crankseg_1.mtx,52804,5333507,2,1,1,0.456209,1.090265,29.77,36726459,6.8860,0,0,0,788123.039354,ok-ord5
intel,mumps-5,cn512-16-l,group3,crankseg_1.mtx,52804,5333507,2,2,1,0.457509,0.738528,43.95,36726459,6.8860,0,0,0,788123.039354,ok-ord5
intel,mumps-5,cn512-16-l,group3,crankseg_1.mtx,52804,5333507,2,4,1,0.457798,0.446287,72.73,36726459,6.8860,0,0,0,788123.039354,ok-ord5
intel,mumps-5,cn512-16-l,group3,crankseg_1.mtx,52804,5333507,2,8,1,0.456746,0.285410,113.73,36726459,6.8860,0,0,0,788123.039354,ok-ord5
intel,mumps-5,cn512-16-l,group3,crankseg_1.mtx,52804,5333507,2,16,1,0.456387,0.246689,131.58,36726459,6.8860,0,0,0,788123.039354,ok-ord5
intel,mumps-5,cn512-16-l,group3,crankseg_1.mtx,52804,5333507,2,32,1,0.457055,0.307043,105.71,36726459,6.8860,0,0,0,788123.039354,ok-ord5
intel,mumps-5,cn512-16-l,group3,crankseg_1.mtx,52804,5333507,2,40,1,0.457680,0.341359,95.09,36726459,6.8860,0,0,0,788123.039354,ok-ord5
intel,mumps-5,cn512-16-l,group3,crankseg_2.mtx,63838,7106348,2,1,1,0.564038,1.547285,32.03,48521970,6.8280,0,0,0,958670.877656,ok-ord5
intel,mumps-5,cn512-16-l,group3,crankseg_2.mtx,63838,7106348,2,2,1,0.564470,1.015132,48.82,48521970,6.8280,0,0,0,958670.877656,ok-ord5
intel,mumps-5,cn512-16-l,group3,crankseg_2.mtx,63838,7106348,2,4,1,0.563252,0.612710,80.89,48521970,6.8280,0,0,0,958670.877656,ok-ord5
intel,mumps-5,cn512-16-l,group3,crankseg_2.mtx,63838,7106348,2,8,1,0.564226,0.377437,131.31,48521970,6.8280,0,0,0,958670.877656,ok-ord5
intel,mumps-5,cn512-16-l,group3,crankseg_2.mtx,63838,7106348,2,16,1,0.564200,0.294914,168.05,48521970,6.8280,0,0,0,958670.877656,ok-ord5
intel,mumps-5,cn512-16-l,group3,crankseg_2.mtx,63838,7106348,2,32,1,0.564034,0.411635,120.40,48521970,6.8280,0,0,0,958670.877656,ok-ord5
intel,mumps-5,cn512-16-l,group3,crankseg_2.mtx,63838,7106348,2,40,1,0.564845,0.418549,118.41,48521970,6.8280,0,0,0,958670.877656,ok-ord5
intel,mumps-5,cn512-16-l,group3,hood.mtx,220542,5494489,2,1,1,0.524885,0.773595,10.80,33802677,6.1521,0,0,0,2743610.549032,ok-ord5
intel,mumps-5,cn512-16-l,group3,hood.mtx,220542,5494489,2,2,1,0.526206,0.627801,13.31,33802677,6.1521,0,0,0,2743610.549032,ok-ord5
intel,mumps-5,cn512-16-l,group3,hood.mtx,220542,5494489,2,4,1,0.524267,0.416040,20.08,33802677,6.1521,0,0,0,2743610.549032,ok-ord5
intel,mumps-5,cn512-16-l,group3,hood.mtx,220542,5494489,2,8,1,0.523919,0.237610,35.17,33802677,6.1521,0,0,0,2743610.549032,ok-ord5
intel,mumps-5,cn512-16-l,group3,hood.mtx,220542,5494489,2,16,1,0.524260,0.168055,49.72,33802677,6.1521,0,0,0,2743610.549032,ok-ord5
intel,mumps-5,cn512-16-l,group3,hood.mtx,220542,5494489,2,32,1,0.523620,0.223685,37.36,33802677,6.1521,0,0,0,2743610.549032,ok-ord5
intel,mumps-5,cn512-16-l,group3,hood.mtx,220542,5494489,2,40,1,0.525269,0.251122,33.27,33802677,6.1521,0,0,0,2743610.549032,ok-ord5
intel,mumps-5,cn512-16-l,group3,oilpan.mtx,73752,1835470,2,1,1,0.133084,0.250703,11.21,11365493,6.1921,0,0,0,689360.319008,ok-ord5
intel,mumps-5,cn512-16-l,group3,oilpan.mtx,73752,1835470,2,2,1,0.133425,0.197079,14.26,11365493,6.1921,0,0,0,689360.319008,ok-ord5
intel,mumps-5,cn512-16-l,group3,oilpan.mtx,73752,1835470,2,4,1,0.133002,0.136539,20.58,11365493,6.1921,0,0,0,689360.319008,ok-ord5
intel,mumps-5,cn512-16-l,group3,oilpan.mtx,73752,1835470,2,8,1,0.132639,0.076034,36.95,11365493,6.1921,0,0,0,689360.319008,ok-ord5
intel,mumps-5,cn512-16-l,group3,oilpan.mtx,73752,1835470,2,16,1,0.134488,0.064830,43.34,11365493,6.1921,0,0,0,689360.319008,ok-ord5
intel,mumps-5,cn512-16-l,group3,oilpan.mtx,73752,1835470,2,32,1,0.133840,0.123692,22.71,11365493,6.1921,0,0,0,689360.319008,ok-ord5
intel,mumps-5,cn512-16-l,group3,oilpan.mtx,73752,1835470,2,40,1,0.133804,0.122262,22.98,11365493,6.1921,0,0,0,689360.319008,ok-ord5
intel,mumps-5,cn512-16-l,group3,pwtk.mtx,217918,5926171,2,1,1,0.601533,1.230348,18.67,54900332,9.2640,0,0,0,2174305.960359,ok-ord5
intel,mumps-5,cn512-16-l,group3,pwtk.mtx,217918,5926171,2,2,1,0.602569,0.888066,25.86,54900332,9.2640,0,0,0,2174305.960359,ok-ord5
intel,mumps-5,cn512-16-l,group3,pwtk.mtx,217918,5926171,2,4,1,0.602360,0.548264,41.89,54900332,9.2640,0,0,0,2174305.960359,ok-ord5
intel,mumps-5,cn512-16-l,group3,pwtk.mtx,217918,5926171,2,8,1,0.601834,0.336100,68.33,54900332,9.2640,0,0,0,2174305.960359,ok-ord5
intel,mumps-5,cn512-16-l,group3,pwtk.mtx,217918,5926171,2,16,1,0.602120,0.260189,88.26,54900332,9.2640,0,0,0,2174305.960359,ok-ord5
intel,mumps-5,cn512-16-l,group3,pwtk.mtx,217918,5926171,2,32,1,0.603619,0.341945,67.16,54900332,9.2640,0,0,0,2174305.960359,ok-ord5
intel,mumps-5,cn512-16-l,group3,pwtk.mtx,217918,5926171,2,40,1,0.600891,0.316448,72.57,54900332,9.2640,0,0,0,2174305.960359,ok-ord5
intel,mumps-5,cn512-16-l,group3,ship_001.mtx,34920,2339575,2,1,1,0.142553,0.422585,25.08,17261972,7.3783,0,0,0,761021.440521,ok-ord5
intel,mumps-5,cn512-16-l,group3,ship_001.mtx,34920,2339575,2,2,1,0.142548,0.299040,35.44,17261972,7.3783,0,0,0,761021.440521,ok-ord5
intel,mumps-5,cn512-16-l,group3,ship_001.mtx,34920,2339575,2,4,1,0.142704,0.184678,57.39,17261972,7.3783,0,0,0,761021.440521,ok-ord5
intel,mumps-5,cn512-16-l,group3,ship_001.mtx,34920,2339575,2,8,1,0.142526,0.119808,88.46,17261972,7.3783,0,0,0,761021.440521,ok-ord5
intel,mumps-5,cn512-16-l,group3,ship_001.mtx,34920,2339575,2,16,1,0.142687,0.110284,96.10,17261972,7.3783,0,0,0,761021.440521,ok-ord5
intel,mumps-5,cn512-16-l,group3,ship_001.mtx,34920,2339575,2,32,1,0.142438,0.172577,61.41,17261972,7.3783,0,0,0,761021.440521,ok-ord5
intel,mumps-5,cn512-16-l,group3,ship_001.mtx,34920,2339575,2,40,1,0.144567,0.239183,44.31,17261972,7.3783,0,0,0,761021.440521,ok-ord5
intel,mumps-5,cn512-16-l,group3,ship_003.mtx,121728,4103881,2,1,1,0.401980,2.125824,36.01,64696981,15.7648,0,0,0,3027162.435567,ok-ord5
intel,mumps-5,cn512-16-l,group3,ship_003.mtx,121728,4103881,2,2,1,0.401814,1.356225,56.44,64696981,15.7648,0,0,0,3027162.435567,ok-ord5
intel,mumps-5,cn512-16-l,group3,ship_003.mtx,121728,4103881,2,4,1,0.404167,0.770405,99.35,64696981,15.7648,0,0,0,3027162.435567,ok-ord5
intel,mumps-5,cn512-16-l,group3,ship_003.mtx,121728,4103881,2,8,1,0.401339,0.459834,166.46,64696981,15.7648,0,0,0,3027162.435567,ok-ord5
intel,mumps-5,cn512-16-l,group3,ship_003.mtx,121728,4103881,2,16,1,0.402760,0.366256,208.99,64696981,15.7648,0,0,0,3027162.435567,ok-ord5
intel,mumps-5,cn512-16-l,group3,ship_003.mtx,121728,4103881,2,32,1,0.401935,0.420068,182.21,64696981,15.7648,0,0,0,3027162.435567,ok-ord5
intel,mumps-5,cn512-16-l,group3,ship_003.mtx,121728,4103881,2,40,1,0.404721,0.488955,156.54,64696981,15.7648,0,0,0,3027162.435567,ok-ord5
intel,mumps-5,cn512-16-l,group3,shipsec1.mtx,140874,3977139,2,1,1,0.386412,1.240100,29.47,42918179,10.7912,0,0,0,2428800.243053,ok-ord5
intel,mumps-5,cn512-16-l,group3,shipsec1.mtx,140874,3977139,2,2,1,0.387130,0.813243,44.93,42918179,10.7912,0,0,0,2428800.243053,ok-ord5
intel,mumps-5,cn512-16-l,group3,shipsec1.mtx,140874,3977139,2,4,1,0.388884,0.475518,76.85,42918179,10.7912,0,0,0,2428800.243053,ok-ord5
intel,mumps-5,cn512-16-l,group3,shipsec1.mtx,140874,3977139,2,8,1,0.386332,0.294455,124.10,42918179,10.7912,0,0,0,2428800.243053,ok-ord5
intel,mumps-5,cn512-16-l,group3,shipsec1.mtx,140874,3977139,2,16,1,0.387699,0.213784,170.93,42918179,10.7912,0,0,0,2428800.243053,ok-ord5
intel,mumps-5,cn512-16-l,group3,shipsec1.mtx,140874,3977139,2,32,1,0.389256,0.289686,126.14,42918179,10.7912,0,0,0,2428800.243053,ok-ord5
intel,mumps-5,cn512-16-l,group3,shipsec1.mtx,140874,3977139,2,40,1,0.388377,0.330915,110.43,42918179,10.7912,0,0,0,2428800.243053,ok-ord5
intel,mumps-5,cn512-16-l,group3,shipsec5.mtx,179860,5146478,2,1,1,0.525697,1.811609,31.56,60418103,11.7397,0,0,0,3087007.611753,ok-ord5
intel,mumps-5,cn512-16-l,group3,shipsec5.mtx,179860,5146478,2,2,1,0.525532,1.185325,48.24,60418103,11.7397,0,0,0,3087007.611753,ok-ord5
intel,mumps-5,cn512-16-l,group3,shipsec5.mtx,179860,5146478,2,4,1,0.525240,0.685802,83.37,60418103,11.7397,0,0,0,3087007.611753,ok-ord5
intel,mumps-5,cn512-16-l,group3,shipsec5.mtx,179860,5146478,2,8,1,0.524988,0.421086,135.79,60418103,11.7397,0,0,0,3087007.611753,ok-ord5
intel,mumps-5,cn512-16-l,group3,shipsec5.mtx,179860,5146478,2,16,1,0.526193,0.309320,184.85,60418103,11.7397,0,0,0,3087007.611753,ok-ord5
intel,mumps-5,cn512-16-l,group3,shipsec5.mtx,179860,5146478,2,32,1,0.524752,0.389746,146.70,60418103,11.7397,0,0,0,3087007.611753,ok-ord5
intel,mumps-5,cn512-16-l,group3,shipsec5.mtx,179860,5146478,2,40,1,0.524570,0.466354,122.61,60418103,11.7397,0,0,0,3087007.611753,ok-ord5
intel,mumps-5,cn512-16-l,group3,shipsec8.mtx,114919,3384159,2,1,1,0.331367,1.140239,30.37,39113767,11.5579,0,0,0,1908694.357910,ok-ord5
intel,mumps-5,cn512-16-l,group3,shipsec8.mtx,114919,3384159,2,2,1,0.332890,0.747601,46.32,39113767,11.5579,0,0,0,1908694.357910,ok-ord5
intel,mumps-5,cn512-16-l,group3,shipsec8.mtx,114919,3384159,2,4,1,0.330088,0.434318,79.74,39113767,11.5579,0,0,0,1908694.357910,ok-ord5
intel,mumps-5,cn512-16-l,group3,shipsec8.mtx,114919,3384159,2,8,1,0.332017,0.268353,129.05,39113767,11.5579,0,0,0,1908694.357910,ok-ord5
intel,mumps-5,cn512-16-l,group3,shipsec8.mtx,114919,3384159,2,16,1,0.331606,0.202432,171.08,39113767,11.5579,0,0,0,1908694.357910,ok-ord5
intel,mumps-5,cn512-16-l,group3,shipsec8.mtx,114919,3384159,2,32,1,0.332173,0.275281,125.81,39113767,11.5579,0,0,0,1908694.357910,ok-ord5
intel,mumps-5,cn512-16-l,group3,shipsec8.mtx,114919,3384159,2,40,1,0.332241,0.323245,107.14,39113767,11.5579,0,0,0,1908694.357910,ok-ord5
intel,mumps-5,cn512-16-l,group4,bone010.mtx,986703,36326514,2,1,1,8.665412,76.425106,53.01,1147506808,31.5887,0,0,0,9290397.483103,ok-ord5
intel,mumps-5,cn512-16-l,group4,bone010.mtx,986703,36326514,2,2,1,8.662735,44.135247,91.79,1147506808,31.5887,0,0,0,9290397.483103,ok-ord5
intel,mumps-5,cn512-16-l,group4,bone010.mtx,986703,36326514,2,4,1,8.666790,23.265664,174.13,1147506808,31.5887,0,0,0,9290397.483103,ok-ord5
intel,mumps-5,cn512-16-l,group4,bone010.mtx,986703,36326514,2,8,1,8.670243,12.924581,313.45,1147506808,31.5887,0,0,0,9290397.483103,ok-ord5
intel,mumps-5,cn512-16-l,group4,bone010.mtx,986703,36326514,2,16,1,8.666062,8.459092,478.91,1147506808,31.5887,0,0,0,9290397.483103,ok-ord5
intel,mumps-5,cn512-16-l,group4,bone010.mtx,986703,36326514,2,32,1,8.669660,7.029127,576.34,1147506808,31.5887,0,0,0,9290397.483103,ok-ord5
intel,mumps-5,cn512-16-l,group4,bone010.mtx,986703,36326514,2,40,1,8.666426,7.049441,574.68,1147506808,31.5887,0,0,0,9290397.483103,ok-ord5
intel,mumps-5,cn512-16-l,group4,boneS01.mtx,127224,3421188,2,1,1,0.765324,1.287981,30.91,43113235,12.6018,0,0,0,1103927.369836,ok-ord5
intel,mumps-5,cn512-16-l,group4,boneS01.mtx,127224,3421188,2,2,1,0.765714,0.830545,47.94,43113235,12.6018,0,0,0,1103927.369836,ok-ord5
intel,mumps-5,cn512-16-l,group4,boneS01.mtx,127224,3421188,2,4,1,0.764763,0.480698,82.82,43113235,12.6018,0,0,0,1103927.369836,ok-ord5
intel,mumps-5,cn512-16-l,group4,boneS01.mtx,127224,3421188,2,8,1,0.764721,0.294996,134.96,43113235,12.6018,0,0,0,1103927.369836,ok-ord5
intel,mumps-5,cn512-16-l,group4,boneS01.mtx,127224,3421188,2,16,1,0.765559,0.227278,175.18,43113235,12.6018,0,0,0,1103927.369836,ok-ord5
intel,mumps-5,cn512-16-l,group4,boneS01.mtx,127224,3421188,2,32,1,0.767067,0.298110,133.55,43113235,12.6018,0,0,0,1103927.369836,ok-ord5
intel,mumps-5,cn512-16-l,group4,boneS01.mtx,127224,3421188,2,40,1,0.765868,0.356806,111.58,43113235,12.6018,0,0,0,1103927.369836,ok-ord5
intel,mumps-5,cn512-16-l,group4,boneS10.mtx,914898,28191660,2,1,1,6.834848,9.107957,30.05,311319976,11.0430,0,0,0,8211366.132028,ok-ord5
intel,mumps-5,cn512-16-l,group4,boneS10.mtx,914898,28191660,2,2,1,6.853075,6.041441,45.30,311319976,11.0430,0,0,0,8211366.132028,ok-ord5
intel,mumps-5,cn512-16-l,group4,boneS10.mtx,914898,28191660,2,4,1,6.849804,3.456005,79.20,311319976,11.0430,0,0,0,8211366.132028,ok-ord5
intel,mumps-5,cn512-16-l,group4,boneS10.mtx,914898,28191660,2,8,1,6.839424,2.019062,135.56,311319976,11.0430,0,0,0,8211366.132028,ok-ord5
intel,mumps-5,cn512-16-l,group4,boneS10.mtx,914898,28191660,2,16,1,6.838003,1.359821,201.28,311319976,11.0430,0,0,0,8211366.132028,ok-ord5
intel,mumps-5,cn512-16-l,group4,boneS10.mtx,914898,28191660,2,32,1,6.864072,1.307392,209.35,311319976,11.0430,0,0,0,8211366.132028,ok-ord5
intel,mumps-5,cn512-16-l,group4,boneS10.mtx,914898,28191660,2,40,1,6.852484,1.273276,214.96,311319976,11.0430,0,0,0,8211366.132028,ok-ord5
intel,mumps-5,cn512-16-l,group5,thermal1.mtx,82654,328556,2,1,1,0.469223,0.105411,2.58,4133240,12.5800,0,0,0,92465.380613,ok-ord5
intel,mumps-5,cn512-16-l,group5,thermal1.mtx,82654,328556,2,2,1,0.473374,0.097414,2.80,4133240,12.5800,0,0,0,92465.380613,ok-ord5
intel,mumps-5,cn512-16-l,group5,thermal1.mtx,82654,328556,2,4,1,0.470132,0.063769,4.27,4133240,12.5800,0,0,0,92465.380613,ok-ord5
intel,mumps-5,cn512-16-l,group5,thermal1.mtx,82654,328556,2,8,1,0.469188,0.050588,5.38,4133240,12.5800,0,0,0,92465.380613,ok-ord5
intel,mumps-5,cn512-16-l,group5,thermal1.mtx,82654,328556,2,16,1,0.468908,0.036184,7.53,4133240,12.5800,0,0,0,92465.380613,ok-ord5
intel,mumps-5,cn512-16-l,group5,thermal1.mtx,82654,328556,2,32,1,0.470939,0.046009,5.92,4133240,12.5800,0,0,0,92465.380613,ok-ord5
intel,mumps-5,cn512-16-l,group5,thermal1.mtx,82654,328556,2,40,1,0.470579,0.051131,5.33,4133240,12.5800,0,0,0,92465.380613,ok-ord5
intel,mumps-5,cn512-16-l,group5,thermomech_dM.mtx,204316,813716,2,1,1,1.302937,0.290156,2.64,10650563,13.0888,0,0,0,-2363316.991601,ok-ord5
intel,mumps-5,cn512-16-l,group5,thermomech_dM.mtx,204316,813716,2,2,1,1.328632,0.244517,3.14,10650563,13.0888,0,0,0,-2363316.991601,ok-ord5
intel,mumps-5,cn512-16-l,group5,thermomech_dM.mtx,204316,813716,2,4,1,1.308698,0.185175,4.14,10650563,13.0888,0,0,0,-2363316.991601,ok-ord5
intel,mumps-5,cn512-16-l,group5,thermomech_dM.mtx,204316,813716,2,8,1,1.307391,0.121714,6.30,10650563,13.0888,0,0,0,-2363316.991601,ok-ord5
intel,mumps-5,cn512-16-l,group5,thermomech_dM.mtx,204316,813716,2,16,1,1.303997,0.090266,8.49,10650563,13.0888,0,0,0,-2363316.991601,ok-ord5
intel,mumps-5,cn512-16-l,group5,thermomech_dM.mtx,204316,813716,2,32,1,1.301318,0.111587,6.87,10650563,13.0888,0,0,0,-2363316.991601,ok-ord5
intel,mumps-5,cn512-16-l,group5,thermomech_dM.mtx,204316,813716,2,40,1,1.306265,0.110205,6.96,10650563,13.0888,0,0,0,-2363316.991601,ok-ord5
intel,mumps-5,cn512-16-l,group5,thermomech_TC.mtx,102158,406858,2,1,1,0.612118,0.140376,2.75,5337029,13.1177,0,0,0,-546786.561682,ok-ord5
intel,mumps-5,cn512-16-l,group5,thermomech_TC.mtx,102158,406858,2,2,1,0.619669,0.128429,3.01,5337029,13.1177,0,0,0,-546786.561682,ok-ord5
intel,mumps-5,cn512-16-l,group5,thermomech_TC.mtx,102158,406858,2,4,1,0.616373,0.083804,4.61,5337029,13.1177,0,0,0,-546786.561682,ok-ord5
intel,mumps-5,cn512-16-l,group5,thermomech_TC.mtx,102158,406858,2,8,1,0.612526,0.065970,5.85,5337029,13.1177,0,0,0,-546786.561682,ok-ord5
intel,mumps-5,cn512-16-l,group5,thermomech_TC.mtx,102158,406858,2,16,1,0.612409,0.059796,6.46,5337029,13.1177,0,0,0,-546786.561682,ok-ord5
intel,mumps-5,cn512-16-l,group5,thermomech_TC.mtx,102158,406858,2,32,1,0.613509,0.074532,5.18,5337029,13.1177,0,0,0,-546786.561682,ok-ord5
intel,mumps-5,cn512-16-l,group5,thermomech_TC.mtx,102158,406858,2,40,1,0.612180,0.080692,4.79,5337029,13.1177,0,0,0,-546786.561682,ok-ord5
intel,mumps-5,cn512-16-l,group5,thermomech_TK.mtx,102158,406858,2,1,1,0.612805,0.139301,2.77,5337029,13.1177,0,0,0,466468.790238,ok-ord5
intel,mumps-5,cn512-16-l,group5,thermomech_TK.mtx,102158,406858,2,2,1,0.620309,0.125846,3.07,5337029,13.1177,0,0,0,466468.795121,ok-ord5
intel,mumps-5,cn512-16-l,group5,thermomech_TK.mtx,102158,406858,2,4,1,0.613797,0.083832,4.61,5337029,13.1177,0,0,0,466468.790238,ok-ord5
intel,mumps-5,cn512-16-l,group5,thermomech_TK.mtx,102158,406858,2,8,1,0.614298,0.065319,5.91,5337029,13.1177,0,0,0,466468.790238,ok-ord5
intel,mumps-5,cn512-16-l,group5,thermomech_TK.mtx,102158,406858,2,16,1,0.613988,0.055649,6.94,5337029,13.1177,0,0,0,466468.790238,ok-ord5
intel,mumps-5,cn512-16-l,group5,thermomech_TK.mtx,102158,406858,2,32,1,0.614308,0.077389,4.99,5337029,13.1177,0,0,0,466468.790238,ok-ord5
intel,mumps-5,cn512-16-l,group5,thermomech_TK.mtx,102158,406858,2,40,1,0.612229,0.088266,4.38,5337029,13.1177,0,0,0,466468.790238,ok-ord5
intel,mumps-5,cn512-16-l,group6,nasa2910.mtx,2910,88603,2,1,1,0.003682,0.006165,4.06,271647,3.0659,0,0,0,35320.868165,ok-ord2
intel,mumps-5,cn512-16-l,group6,nasa2910.mtx,2910,88603,2,2,1,0.003558,0.007706,3.24,271647,3.0659,0,0,0,35320.868165,ok-ord2
intel,mumps-5,cn512-16-l,group6,nasa2910.mtx,2910,88603,2,4,1,0.003557,0.005386,4.64,271647,3.0659,0,0,0,35320.868165,ok-ord2
intel,mumps-5,cn512-16-l,group6,nasa2910.mtx,2910,88603,2,8,1,0.003705,0.005681,4.40,271647,3.0659,0,0,0,35320.868165,ok-ord2
intel,mumps-5,cn512-16-l,group6,nasa2910.mtx,2910,88603,2,16,1,0.003685,0.006422,3.89,271647,3.0659,0,0,0,35320.868165,ok-ord2
intel,mumps-5,cn512-16-l,group6,nasa2910.mtx,2910,88603,2,32,1,0.003926,0.010080,2.48,271647,3.0659,0,0,0,35320.868165,ok-ord2
intel,mumps-5,cn512-16-l,group6,nasa2910.mtx,2910,88603,2,40,1,0.003941,0.010697,2.34,271647,3.0659,0,0,0,35320.868165,ok-ord2
intel,mumps-5,cn512-16-l,group6,nasa4704.mtx,4704,54730,2,1,1,0.003600,0.007866,4.74,386548,7.0628,0,0,0,50346.478330,ok-ord2
intel,mumps-5,cn512-16-l,group6,nasa4704.mtx,4704,54730,2,2,1,0.003601,0.007887,4.72,386548,7.0628,0,0,0,50346.478330,ok-ord2
intel,mumps-5,cn512-16-l,group6,nasa4704.mtx,4704,54730,2,4,1,0.003591,0.005824,6.40,386548,7.0628,0,0,0,50346.478330,ok-ord2
intel,mumps-5,cn512-16-l,group6,nasa4704.mtx,4704,54730,2,8,1,0.003613,0.005963,6.25,386548,7.0628,0,0,0,50346.478330,ok-ord2
intel,mumps-5,cn512-16-l,group6,nasa4704.mtx,4704,54730,2,16,1,0.003728,0.011088,3.36,386548,7.0628,0,0,0,50346.478330,ok-ord2
intel,mumps-5,cn512-16-l,group6,nasa4704.mtx,4704,54730,2,32,1,0.003828,0.018873,1.97,386548,7.0628,0,0,0,50346.478330,ok-ord2
intel,mumps-5,cn512-16-l,group6,nasa4704.mtx,4704,54730,2,40,1,0.003944,0.022375,1.67,386548,7.0628,0,0,0,50346.478330,ok-ord2
intel,mumps-5,cn512-16-l,group6,nasasrb.mtx,54870,1366097,2,1,1,0.358844,0.249555,14.09,11915748,8.7225,0,0,0,794669.080400,ok-ord5
intel,mumps-5,cn512-16-l,group6,nasasrb.mtx,54870,1366097,2,2,1,0.358787,0.196594,17.89,11915748,8.7225,0,0,0,794669.080400,ok-ord5
intel,mumps-5,cn512-16-l,group6,nasasrb.mtx,54870,1366097,2,4,1,0.359142,0.119064,29.54,11915748,8.7225,0,0,0,794669.080400,ok-ord5
intel,mumps-5,cn512-16-l,group6,nasasrb.mtx,54870,1366097,2,8,1,0.360578,0.075962,46.31,11915748,8.7225,0,0,0,794669.080400,ok-ord5
intel,mumps-5,cn512-16-l,group6,nasasrb.mtx,54870,1366097,2,16,1,0.359087,0.060813,57.84,11915748,8.7225,0,0,0,794669.080400,ok-ord5
intel,mumps-5,cn512-16-l,group6,nasasrb.mtx,54870,1366097,2,32,1,0.359496,0.114614,30.69,11915748,8.7225,0,0,0,794669.080400,ok-ord5
intel,mumps-5,cn512-16-l,group6,nasasrb.mtx,54870,1366097,2,40,1,0.359369,0.131226,26.80,11915748,8.7225,0,0,0,794669.080400,ok-ord5
intel,mumps-5,cn512-16-l,group7,nd12k.mtx,36000,7128473,2,1,1,1.525138,9.941167,52.27,123479244,17.3220,0,0,0,55143.743900,ok-ord5
intel,mumps-5,cn512-16-l,group7,nd12k.mtx,36000,7128473,2,2,1,1.524937,5.737385,90.57,123479244,17.3220,0,0,0,55143.743900,ok-ord5
intel,mumps-5,cn512-16-l,group7,nd12k.mtx,36000,7128473,2,4,1,1.527213,3.069232,169.30,123479244,17.3220,0,0,0,55143.743900,ok-ord5
intel,mumps-5,cn512-16-l,group7,nd12k.mtx,36000,7128473,2,8,1,1.526609,1.812461,286.70,123479244,17.3220,0,0,0,55143.743900,ok-ord5
intel,mumps-5,cn512-16-l,group7,nd12k.mtx,36000,7128473,2,16,1,1.525565,1.495223,347.53,123479244,17.3220,0,0,0,55143.743900,ok-ord5
intel,mumps-5,cn512-16-l,group7,nd12k.mtx,36000,7128473,2,32,1,1.526251,1.357260,382.85,123479244,17.3220,0,0,0,55143.743900,ok-ord5
intel,mumps-5,cn512-16-l,group7,nd12k.mtx,36000,7128473,2,40,1,1.528404,1.248841,416.09,123479244,17.3220,0,0,0,55143.743900,ok-ord5
intel,mumps-5,cn512-16-l,group7,nd3k.mtx,9000,1644345,2,1,1,0.147246,0.893255,49.51,19036453,11.5769,0,0,0,13280.878189,ok-ord2
intel,mumps-5,cn512-16-l,group7,nd3k.mtx,9000,1644345,2,2,1,0.146051,0.529816,83.48,19036453,11.5769,0,0,0,13280.878189,ok-ord2
intel,mumps-5,cn512-16-l,group7,nd3k.mtx,9000,1644345,2,4,1,0.146024,0.336878,131.29,19036453,11.5769,0,0,0,13280.878189,ok-ord2
intel,mumps-5,cn512-16-l,group7,nd3k.mtx,9000,1644345,2,8,1,0.146714,0.235320,187.95,19036453,11.5769,0,0,0,13280.878189,ok-ord2
intel,mumps-5,cn512-16-l,group7,nd3k.mtx,9000,1644345,2,16,1,0.147127,0.180794,244.63,19036453,11.5769,0,0,0,13280.878189,ok-ord2
intel,mumps-5,cn512-16-l,group7,nd3k.mtx,9000,1644345,2,32,1,0.148054,0.199051,222.19,19036453,11.5769,0,0,0,13280.878189,ok-ord2
intel,mumps-5,cn512-16-l,group7,nd3k.mtx,9000,1644345,2,40,1,0.146774,0.194050,227.92,19036453,11.5769,0,0,0,13280.878189,ok-ord2
intel,mumps-5,cn512-16-l,group7,nd6k.mtx,18000,3457658,2,1,1,0.684319,2.679430,47.48,44578833,12.8928,0,0,0,26706.483998,ok-ord5
intel,mumps-5,cn512-16-l,group7,nd6k.mtx,18000,3457658,2,2,1,0.686660,1.612439,78.90,44578833,12.8928,0,0,0,26706.483998,ok-ord5
intel,mumps-5,cn512-16-l,group7,nd6k.mtx,18000,3457658,2,4,1,0.685855,0.917215,138.70,44578833,12.8928,0,0,0,26706.483998,ok-ord5
intel,mumps-5,cn512-16-l,group7,nd6k.mtx,18000,3457658,2,8,1,0.685048,0.622363,204.41,44578833,12.8928,0,0,0,26706.483998,ok-ord5
intel,mumps-5,cn512-16-l,group7,nd6k.mtx,18000,3457658,2,16,1,0.683972,0.479887,265.10,44578833,12.8928,0,0,0,26706.483998,ok-ord5
intel,mumps-5,cn512-16-l,group7,nd6k.mtx,18000,3457658,2,32,1,0.685398,0.475433,267.58,44578833,12.8928,0,0,0,26706.483998,ok-ord5
intel,mumps-5,cn512-16-l,group7,nd6k.mtx,18000,3457658,2,40,1,0.686898,0.490243,259.50,44578833,12.8928,0,0,0,26706.483998,ok-ord5
intel,mumps-5,cn512-16-l,group8,af_0_k101.mtx,503625,9027150,2,1,1,1.214299,2.781713,22.46,112451557,12.4570,0,0,0,6537999.297473,ok-ord5
intel,mumps-5,cn512-16-l,group8,af_0_k101.mtx,503625,9027150,2,2,1,1.217082,1.936950,32.25,112451557,12.4570,0,0,0,6537999.297473,ok-ord5
intel,mumps-5,cn512-16-l,group8,af_0_k101.mtx,503625,9027150,2,4,1,1.217639,1.122186,55.67,112451557,12.4570,0,0,0,6537999.297473,ok-ord5
intel,mumps-5,cn512-16-l,group8,af_0_k101.mtx,503625,9027150,2,8,1,1.214685,0.665287,93.91,112451557,12.4570,0,0,0,6537999.297473,ok-ord5
intel,mumps-5,cn512-16-l,group8,af_0_k101.mtx,503625,9027150,2,16,1,1.216113,0.467493,133.64,112451557,12.4570,0,0,0,6537999.297473,ok-ord5
intel,mumps-5,cn512-16-l,group8,af_0_k101.mtx,503625,9027150,2,32,1,1.218828,0.564229,110.73,112451557,12.4570,0,0,0,6537999.297473,ok-ord5
intel,mumps-5,cn512-16-l,group8,af_0_k101.mtx,503625,9027150,2,40,1,1.217245,0.619432,100.86,112451557,12.4570,0,0,0,6537999.297473,ok-ord5
intel,mumps-5,cn512-16-l,group8,af_shell3.mtx,504855,9046865,2,1,1,1.216402,2.535529,20.29,107137071,11.8425,0,0,0,6466341.489924,ok-ord5
intel,mumps-5,cn512-16-l,group8,af_shell3.mtx,504855,9046865,2,2,1,1.219507,1.817360,28.31,107137071,11.8425,0,0,0,6466341.489924,ok-ord5
intel,mumps-5,cn512-16-l,group8,af_shell3.mtx,504855,9046865,2,4,1,1.218906,1.066860,48.23,107137071,11.8425,0,0,0,6466341.489924,ok-ord5
intel,mumps-5,cn512-16-l,group8,af_shell3.mtx,504855,9046865,2,8,1,1.216887,0.644160,79.88,107137071,11.8425,0,0,0,6466341.489924,ok-ord5
intel,mumps-5,cn512-16-l,group8,af_shell3.mtx,504855,9046865,2,16,1,1.218711,0.432135,119.07,107137071,11.8425,0,0,0,6466341.489924,ok-ord5
intel,mumps-5,cn512-16-l,group8,af_shell3.mtx,504855,9046865,2,32,1,1.219783,0.505193,101.85,107137071,11.8425,0,0,0,6466341.489924,ok-ord5
intel,mumps-5,cn512-16-l,group8,af_shell3.mtx,504855,9046865,2,40,1,1.217974,0.609764,84.38,107137071,11.8425,0,0,0,6466341.489924,ok-ord5
intel,mumps-5,cn512-16-l,group8,ecology2.mtx,999999,2997995,2,1,1,5.440198,1.496014,10.31,58304995,19.4480,0,0,0,3394351.152389,ok-ord5
intel,mumps-5,cn512-16-l,group8,ecology2.mtx,999999,2997995,2,2,1,5.474160,1.173967,13.14,58304995,19.4480,0,0,0,3394351.152389,ok-ord5
intel,mumps-5,cn512-16-l,group8,ecology2.mtx,999999,2997995,2,4,1,5.447797,0.734966,20.99,58304995,19.4480,0,0,0,3394351.152389,ok-ord5
intel,mumps-5,cn512-16-l,group8,ecology2.mtx,999999,2997995,2,8,1,5.445353,0.450990,34.21,58304995,19.4480,0,0,0,3394351.152389,ok-ord5
intel,mumps-5,cn512-16-l,group8,ecology2.mtx,999999,2997995,2,16,1,5.446246,0.326296,47.28,58304995,19.4480,0,0,0,3394351.152389,ok-ord5
intel,mumps-5,cn512-16-l,group8,ecology2.mtx,999999,2997995,2,32,1,5.445811,0.379084,40.70,58304995,19.4480,0,0,0,3394351.152389,ok-ord5
intel,mumps-5,cn512-16-l,group8,ecology2.mtx,999999,2997995,2,40,1,5.451162,0.424259,36.36,58304995,19.4480,0,0,0,3394351.152389,ok-ord5
intel,mumps-5,cn512-16-l,group8,G2_circuit.mtx,150102,438388,2,1,1,0.870710,0.248605,7.24,10457113,23.8536,0,0,0,613236.401933,ok-ord5
intel,mumps-5,cn512-16-l,group8,G2_circuit.mtx,150102,438388,2,2,1,0.871248,0.198123,9.09,10457113,23.8536,0,0,0,613236.401933,ok-ord5
intel,mumps-5,cn512-16-l,group8,G2_circuit.mtx,150102,438388,2,4,1,0.871500,0.126416,14.24,10457113,23.8536,0,0,0,613236.401933,ok-ord5
intel,mumps-5,cn512-16-l,group8,G2_circuit.mtx,150102,438388,2,8,1,0.871702,0.077505,23.23,10457113,23.8536,0,0,0,613236.401933,ok-ord5
intel,mumps-5,cn512-16-l,group8,G2_circuit.mtx,150102,438388,2,16,1,0.871968,0.066255,27.18,10457113,23.8536,0,0,0,613236.401933,ok-ord5
intel,mumps-5,cn512-16-l,group8,G2_circuit.mtx,150102,438388,2,32,1,0.871478,0.085107,21.16,10457113,23.8536,0,0,0,613236.401933,ok-ord5
intel,mumps-5,cn512-16-l,group8,G2_circuit.mtx,150102,438388,2,40,1,0.870154,0.107515,16.75,10457113,23.8536,0,0,0,613236.401933,ok-ord5
intel,mumps-5,cn512-16-l,group8,parabolic_fem.mtx,525825,2100225,2,1,1,3.387466,0.942180,7.73,36889326,17.5645,0,0,0,-600063.625110,ok-ord5
intel,mumps-5,cn512-16-l,group8,parabolic_fem.mtx,525825,2100225,2,2,1,3.417797,0.751626,9.69,36889326,17.5645,0,0,0,-600063.625110,ok-ord5
intel,mumps-5,cn512-16-l,group8,parabolic_fem.mtx,525825,2100225,2,4,1,3.392232,0.497010,14.66,36889326,17.5645,0,0,0,-600063.625110,ok-ord5
intel,mumps-5,cn512-16-l,group8,parabolic_fem.mtx,525825,2100225,2,8,1,3.380094,0.307279,23.71,36889326,17.5645,0,0,0,-600063.625110,ok-ord5
intel,mumps-5,cn512-16-l,group8,parabolic_fem.mtx,525825,2100225,2,16,1,3.394485,0.208563,34.93,36889326,17.5645,0,0,0,-600063.625110,ok-ord5
intel,mumps-5,cn512-16-l,group8,parabolic_fem.mtx,525825,2100225,2,32,1,3.398598,0.284340,25.62,36889326,17.5645,0,0,0,-600063.625110,ok-ord5
intel,mumps-5,cn512-16-l,group8,parabolic_fem.mtx,525825,2100225,2,40,1,3.394623,0.303608,23.99,36889326,17.5645,0,0,0,-600063.625110,ok-ord5
intel,mumps-5,cn512-16-l,group8,tmt_sym.mtx,726713,2903837,2,1,1,4.811140,1.154644,9.09,45418832,15.6410,0,0,0,844891.224967,ok-ord5
intel,mumps-5,cn512-16-l,group8,tmt_sym.mtx,726713,2903837,2,2,1,4.858928,0.957112,10.96,45418832,15.6410,0,0,0,844891.224967,ok-ord5
intel,mumps-5,cn512-16-l,group8,tmt_sym.mtx,726713,2903837,2,4,1,4.832268,0.611640,17.16,45418832,15.6410,0,0,0,844891.224967,ok-ord5
intel,mumps-5,cn512-16-l,group8,tmt_sym.mtx,726713,2903837,2,8,1,4.817986,0.375214,27.97,45418832,15.6410,0,0,0,844891.224967,ok-ord5
intel,mumps-5,cn512-16-l,group8,tmt_sym.mtx,726713,2903837,2,16,1,4.811819,0.254286,41.27,45418832,15.6410,0,0,0,844891.224967,ok-ord5
intel,mumps-5,cn512-16-l,group8,tmt_sym.mtx,726713,2903837,2,32,1,4.817579,0.301410,34.81,45418832,15.6410,0,0,0,844891.224967,ok-ord5
intel,mumps-5,cn512-16-l,group8,tmt_sym.mtx,726713,2903837,2,40,1,4.810207,0.349526,30.02,45418832,15.6410,0,0,0,844891.224967,ok-ord5
intel,mumps-5,cn512-16-l,group9,1138_bus.mtx,1138,2596,2,1,1,0.000628,0.000785,0.22,20665,7.9603,0,0,0,4240.821185,ok-ord2
intel,mumps-5,cn512-16-l,group9,1138_bus.mtx,1138,2596,2,2,1,0.000628,0.001769,0.10,20665,7.9603,0,0,0,4240.821185,ok-ord2
intel,mumps-5,cn512-16-l,group9,1138_bus.mtx,1138,2596,2,4,1,0.000629,0.001689,0.10,20665,7.9603,0,0,0,4240.821185,ok-ord2
intel,mumps-5,cn512-16-l,group9,1138_bus.mtx,1138,2596,2,8,1,0.000631,0.001615,0.11,20665,7.9603,0,0,0,4240.821185,ok-ord2
intel,mumps-5,cn512-16-l,group9,1138_bus.mtx,1138,2596,2,16,1,0.000680,0.002911,0.06,20665,7.9603,0,0,0,4240.821185,ok-ord2
intel,mumps-5,cn512-16-l,group9,1138_bus.mtx,1138,2596,2,32,1,0.000663,0.002786,0.06,20665,7.9603,0,0,0,4240.821185,ok-ord2
intel,mumps-5,cn512-16-l,group9,1138_bus.mtx,1138,2596,2,40,1,0.000680,0.002846,0.06,20665,7.9603,0,0,0,4240.821185,ok-ord2
intel,mumps-5,cn512-16-l,group9,apache1.mtx,80800,311492,2,1,1,0.568408,0.314003,19.39,13307680,42.7224,0,0,0,712850.832403,ok-ord5
intel,mumps-5,cn512-16-l,group9,apache1.mtx,80800,311492,2,2,1,0.569174,0.219769,27.70,13307680,42.7224,0,0,0,712850.832403,ok-ord5
intel,mumps-5,cn512-16-l,group9,apache1.mtx,80800,311492,2,4,1,0.568757,0.130097,46.79,13307680,42.7224,0,0,0,712850.832403,ok-ord5
intel,mumps-5,cn512-16-l,group9,apache1.mtx,80800,311492,2,8,1,0.569202,0.081264,74.91,13307680,42.7224,0,0,0,712850.832403,ok-ord5
intel,mumps-5,cn512-16-l,group9,apache1.mtx,80800,311492,2,16,1,0.568486,0.083442,72.95,13307680,42.7224,0,0,0,712850.832403,ok-ord5
intel,mumps-5,cn512-16-l,group9,apache1.mtx,80800,311492,2,32,1,0.569027,0.149116,40.82,13307680,42.7224,0,0,0,712850.832403,ok-ord5
intel,mumps-5,cn512-16-l,group9,apache1.mtx,80800,311492,2,40,1,0.569078,0.164986,36.90,13307680,42.7224,0,0,0,712850.832403,ok-ord5
intel,mumps-5,cn512-16-l,group9,apache2.mtx,715176,2766523,2,1,1,6.134549,5.549702,33.60,163016166,58.9246,0,0,0,6310307.818198,ok-ord5
intel,mumps-5,cn512-16-l,group9,apache2.mtx,715176,2766523,2,2,1,6.135894,3.472161,53.70,163016166,58.9246,0,0,0,6310307.818198,ok-ord5
intel,mumps-5,cn512-16-l,group9,apache2.mtx,715176,2766523,2,4,1,6.133096,1.946777,95.77,163016166,58.9246,0,0,0,6310307.818198,ok-ord5
intel,mumps-5,cn512-16-l,group9,apache2.mtx,715176,2766523,2,8,1,6.136555,1.097181,169.93,163016166,58.9246,0,0,0,6310307.818198,ok-ord5
intel,mumps-5,cn512-16-l,group9,apache2.mtx,715176,2766523,2,16,1,6.130229,0.801468,232.63,163016166,58.9246,0,0,0,6310307.818198,ok-ord5
intel,mumps-5,cn512-16-l,group9,apache2.mtx,715176,2766523,2,32,1,6.135723,0.813312,229.25,163016166,58.9246,0,0,0,6310307.818198,ok-ord5
intel,mumps-5,cn512-16-l,group9,apache2.mtx,715176,2766523,2,40,1,6.133577,0.898709,207.46,163016166,58.9246,0,0,0,6310307.818198,ok-ord5
intel,mumps-5,cn512-16-l,group9,bundle1.mtx,10581,390741,2,1,1,0.032710,0.037567,8.32,1406621,3.5999,0,0,0,249808.999500,ok-ord5
intel,mumps-5,cn512-16-l,group9,bundle1.mtx,10581,390741,2,2,1,0.032201,0.041085,7.60,1406621,3.5999,0,0,0,249808.999500,ok-ord5
intel,mumps-5,cn512-16-l,group9,bundle1.mtx,10581,390741,2,4,1,0.032005,0.035973,8.69,1406621,3.5999,0,0,0,249808.999500,ok-ord5
intel,mumps-5,cn512-16-l,group9,bundle1.mtx,10581,390741,2,8,1,0.032840,0.028711,10.88,1406621,3.5999,0,0,0,249808.999500,ok-ord5
intel,mumps-5,cn512-16-l,group9,bundle1.mtx,10581,390741,2,16,1,0.032737,0.033063,9.45,1406621,3.5999,0,0,0,249808.999500,ok-ord5
intel,mumps-5,cn512-16-l,group9,bundle1.mtx,10581,390741,2,32,1,0.033873,0.050908,6.14,1406621,3.5999,0,0,0,249808.999500,ok-ord5
intel,mumps-5,cn512-16-l,group9,bundle1.mtx,10581,390741,2,40,1,0.034175,0.058446,5.35,1406621,3.5999,0,0,0,249808.999500,ok-ord5
intel,mumps-5,cn512-16-l,group9,consph.mtx,83334,3046907,2,1,1,0.564981,3.223873,41.89,75865340,24.8991,0,0,0,410122.673122,ok-ord5
intel,mumps-5,cn512-16-l,group9,consph.mtx,83334,3046907,2,2,1,0.565970,1.961467,68.85,75865340,24.8991,0,0,0,410122.673122,ok-ord5
intel,mumps-5,cn512-16-l,group9,consph.mtx,83334,3046907,2,4,1,0.566163,1.094979,123.34,75865340,24.8991,0,0,0,410122.673122,ok-ord5
intel,mumps-5,cn512-16-l,group9,consph.mtx,83334,3046907,2,8,1,0.570317,0.669568,201.70,75865340,24.8991,0,0,0,410122.673122,ok-ord5
intel,mumps-5,cn512-16-l,group9,consph.mtx,83334,3046907,2,16,1,0.569661,0.511952,263.80,75865340,24.8991,0,0,0,410122.673122,ok-ord5
intel,mumps-5,cn512-16-l,group9,consph.mtx,83334,3046907,2,32,1,0.574114,0.585454,230.68,75865340,24.8991,0,0,0,410122.673122,ok-ord5
intel,mumps-5,cn512-16-l,group9,consph.mtx,83334,3046907,2,40,1,0.581558,0.692435,195.04,75865340,24.8991,0,0,0,410122.673122,ok-ord5
intel,mumps-5,cn512-16-l,group9,ct20stif.mtx,52329,1375396,2,1,1,0.299502,0.273430,19.51,11589206,8.4261,0,0,0,726316.495449,ok-ord5
intel,mumps-5,cn512-16-l,group9,ct20stif.mtx,52329,1375396,2,2,1,0.300543,0.192125,27.77,11589206,8.4261,0,0,0,726316.495449,ok-ord5
intel,mumps-5,cn512-16-l,group9,ct20stif.mtx,52329,1375396,2,4,1,0.300556,0.119201,44.76,11589206,8.4261,0,0,0,726316.495449,ok-ord5
intel,mumps-5,cn512-16-l,group9,ct20stif.mtx,52329,1375396,2,8,1,0.300294,0.078590,67.89,11589206,8.4261,0,0,0,726316.495449,ok-ord5
intel,mumps-5,cn512-16-l,group9,ct20stif.mtx,52329,1375396,2,16,1,0.300445,0.073380,72.71,11589206,8.4261,0,0,0,726316.495449,ok-ord5
intel,mumps-5,cn512-16-l,group9,ct20stif.mtx,52329,1375396,2,32,1,0.300956,0.123634,43.16,11589206,8.4261,0,0,0,726316.495449,ok-ord5
intel,mumps-5,cn512-16-l,group9,ct20stif.mtx,52329,1375396,2,40,1,0.301426,0.144354,36.96,11589206,8.4261,0,0,0,726316.495449,ok-ord5
intel,mumps-5,cn512-16-l,group9,Emilia_923.mtx,923136,20964171,2,1,1,7.189232,205.408055,60.06,1733031235,82.6663,0,0,0,22015010.435141,ok-ord5
intel,mumps-5,cn512-16-l,group9,Emilia_923.mtx,923136,20964171,2,2,1,7.205701,113.847057,108.37,1733031235,82.6663,0,0,0,22015010.435141,ok-ord5
intel,mumps-5,cn512-16-l,group9,Emilia_923.mtx,923136,20964171,2,4,1,7.209649,58.854759,209.63,1733031235,82.6663,0,0,0,22015010.435141,ok-ord5
intel,mumps-5,cn512-16-l,group9,Emilia_923.mtx,923136,20964171,2,8,1,7.218308,31.645047,389.88,1733031235,82.6663,0,0,0,22015010.435141,ok-ord5
intel,mumps-5,cn512-16-l,group9,Emilia_923.mtx,923136,20964171,2,16,1,7.215152,20.768342,594.07,1733031235,82.6663,0,0,0,22015010.435141,ok-ord5
intel,mumps-5,cn512-16-l,group9,Emilia_923.mtx,923136,20964171,2,32,1,7.195791,15.748502,783.43,1733031235,82.6663,0,0,0,22015010.435141,ok-ord5
intel,mumps-5,cn512-16-l,group9,Emilia_923.mtx,923136,20964171,2,40,1,7.192886,16.182921,762.40,1733031235,82.6663,0,0,0,22015010.435141,ok-ord5
intel,mumps-5,cn512-16-l,group9,Fault_639.mtx,638802,14626683,2,1,1,4.963191,124.328421,59.62,1137832526,77.7916,0,0,0,16209921.843334,ok-ord5
intel,mumps-5,cn512-16-l,group9,Fault_639.mtx,638802,14626683,2,2,1,4.971270,70.092521,105.75,1137832526,77.7916,0,0,0,16209921.843334,ok-ord5
intel,mumps-5,cn512-16-l,group9,Fault_639.mtx,638802,14626683,2,4,1,4.969575,36.237615,204.54,1137832526,77.7916,0,0,0,16209921.843334,ok-ord5
intel,mumps-5,cn512-16-l,group9,Fault_639.mtx,638802,14626683,2,8,1,4.975771,19.186208,386.33,1137832526,77.7916,0,0,0,16209921.843334,ok-ord5
intel,mumps-5,cn512-16-l,group9,Fault_639.mtx,638802,14626683,2,16,1,4.963509,12.976470,571.20,1137832526,77.7916,0,0,0,16209921.843334,ok-ord5
intel,mumps-5,cn512-16-l,group9,Fault_639.mtx,638802,14626683,2,32,1,4.974357,10.139237,731.04,1137832526,77.7916,0,0,0,16209921.843334,ok-ord5
intel,mumps-5,cn512-16-l,group9,Fault_639.mtx,638802,14626683,2,40,1,4.964046,10.180208,728.10,1137832526,77.7916,0,0,0,16209921.843334,ok-ord5
intel,mumps-5,cn512-16-l,group9,gyro_k.mtx,17361,519260,2,1,1,0.070608,0.041529,5.56,2029981,3.9094,0,0,0,304741.205037,ok-ord5
intel,mumps-5,cn512-16-l,group9,gyro_k.mtx,17361,519260,2,2,1,0.070531,0.037944,6.08,2029981,3.9094,0,0,0,304741.205037,ok-ord5
intel,mumps-5,cn512-16-l,group9,gyro_k.mtx,17361,519260,2,4,1,0.070190,0.033995,6.79,2029981,3.9094,0,0,0,304741.205037,ok-ord5
intel,mumps-5,cn512-16-l,group9,gyro_k.mtx,17361,519260,2,8,1,0.070499,0.028289,8.16,2029981,3.9094,0,0,0,304741.205037,ok-ord5
intel,mumps-5,cn512-16-l,group9,gyro_k.mtx,17361,519260,2,16,1,0.070027,0.024844,9.29,2029981,3.9094,0,0,0,304741.205037,ok-ord5
intel,mumps-5,cn512-16-l,group9,gyro_k.mtx,17361,519260,2,32,1,0.070784,0.055171,4.18,2029981,3.9094,0,0,0,304741.205037,ok-ord5
intel,mumps-5,cn512-16-l,group9,gyro_k.mtx,17361,519260,2,40,1,0.070782,0.061892,3.73,2029981,3.9094,0,0,0,304741.205037,ok-ord5
intel,mumps-5,cn512-16-l,group9,gyro_m.mtx,17361,178896,2,1,1,0.130071,0.022359,1.47,867558,4.8495,0,0,0,-380035.854387,ok-ord5
intel,mumps-5,cn512-16-l,group9,gyro_m.mtx,17361,178896,2,2,1,0.129351,0.023009,1.42,867558,4.8495,0,0,0,-380035.854387,ok-ord5
intel,mumps-5,cn512-16-l,group9,gyro_m.mtx,17361,178896,2,4,1,0.130020,0.017324,1.89,867558,4.8495,0,0,0,-380035.854387,ok-ord5
intel,mumps-5,cn512-16-l,group9,gyro_m.mtx,17361,178896,2,8,1,0.129702,0.013189,2.49,867558,4.8495,0,0,0,-380035.854387,ok-ord5
intel,mumps-5,cn512-16-l,group9,gyro_m.mtx,17361,178896,2,16,1,0.129507,0.014641,2.24,867558,4.8495,0,0,0,-380035.854387,ok-ord5
intel,mumps-5,cn512-16-l,group9,gyro_m.mtx,17361,178896,2,32,1,0.129694,0.021555,1.52,867558,4.8495,0,0,0,-380035.854387,ok-ord5
intel,mumps-5,cn512-16-l,group9,gyro_m.mtx,17361,178896,2,40,1,0.130017,0.029416,1.11,867558,4.8495,0,0,0,-380035.854387,ok-ord5
intel,mumps-5,cn512-16-l,group9,inline_1.mtx,503712,18660027,2,1,1,4.631529,5.348636,26.48,193786080,10.3851,0,0,0,6590421.468622,ok-ord5
intel,mumps-5,cn512-16-l,group9,inline_1.mtx,503712,18660027,2,2,1,4.626007,3.606002,39.27,193786080,10.3851,0,0,0,6590421.468622,ok-ord5
intel,mumps-5,cn512-16-l,group9,inline_1.mtx,503712,18660027,2,4,1,4.625638,2.119397,66.82,193786080,10.3851,0,0,0,6590421.468622,ok-ord5
intel,mumps-5,cn512-16-l,group9,inline_1.mtx,503712,18660027,2,8,1,4.623546,1.275016,111.08,193786080,10.3851,0,0,0,6590421.468622,ok-ord5
intel,mumps-5,cn512-16-l,group9,inline_1.mtx,503712,18660027,2,16,1,4.626549,0.825908,171.48,193786080,10.3851,0,0,0,6590421.468622,ok-ord5
intel,mumps-5,cn512-16-l,group9,inline_1.mtx,503712,18660027,2,32,1,4.624210,0.879895,160.95,193786080,10.3851,0,0,0,6590421.468622,ok-ord5
intel,mumps-5,cn512-16-l,group9,inline_1.mtx,503712,18660027,2,40,1,4.634163,0.988900,143.21,193786080,10.3851,0,0,0,6590421.468622,ok-ord5
intel,mumps-5,cn512-16-l,group9,ldoor.mtx,952203,23737339,2,1,1,2.562315,4.295240,17.64,172068574,7.2489,0,0,0,11442936.945606,ok-ord5
intel,mumps-5,cn512-16-l,group9,ldoor.mtx,952203,23737339,2,2,1,2.572607,3.164219,23.95,172068574,7.2489,0,0,0,11442936.945606,ok-ord5
intel,mumps-5,cn512-16-l,group9,ldoor.mtx,952203,23737339,2,4,1,2.570632,1.901707,39.85,172068574,7.2489,0,0,0,11442936.945606,ok-ord5
intel,mumps-5,cn512-16-l,group9,ldoor.mtx,952203,23737339,2,8,1,2.561403,1.146826,66.08,172068574,7.2489,0,0,0,11442936.945606,ok-ord5
intel,mumps-5,cn512-16-l,group9,ldoor.mtx,952203,23737339,2,16,1,2.566249,0.728638,104.01,172068574,7.2489,0,0,0,11442936.945606,ok-ord5
intel,mumps-5,cn512-16-l,group9,ldoor.mtx,952203,23737339,2,32,1,2.562334,0.757552,100.04,172068574,7.2489,0,0,0,11442936.945606,ok-ord5
intel,mumps-5,cn512-16-l,group9,ldoor.mtx,952203,23737339,2,40,1,2.570845,0.849233,89.24,172068574,7.2489,0,0,0,11442936.945606,ok-ord5
intel,mumps-5,cn512-16-l,group9,msc10848.mtx,10848,620313,2,1,1,0.045775,0.053567,12.24,2561358,4.1291,0,0,0,163650.326327,ok-ord5
intel,mumps-5,cn512-16-l,group9,msc10848.mtx,10848,620313,2,2,1,0.044974,0.045171,14.51,2561358,4.1291,0,0,0,163650.326327,ok-ord5
intel,mumps-5,cn512-16-l,group9,msc10848.mtx,10848,620313,2,4,1,0.045238,0.029140,22.50,2561358,4.1291,0,0,0,163650.326327,ok-ord5
intel,mumps-5,cn512-16-l,group9,msc10848.mtx,10848,620313,2,8,1,0.046006,0.022027,29.76,2561358,4.1291,0,0,0,163650.326327,ok-ord5
intel,mumps-5,cn512-16-l,group9,msc10848.mtx,10848,620313,2,16,1,0.045839,0.031092,21.09,2561358,4.1291,0,0,0,163650.326327,ok-ord5
intel,mumps-5,cn512-16-l,group9,msc10848.mtx,10848,620313,2,32,1,0.045439,0.050014,13.11,2561358,4.1291,0,0,0,163650.326327,ok-ord5
intel,mumps-5,cn512-16-l,group9,msc10848.mtx,10848,620313,2,40,1,0.046549,0.071613,9.16,2561358,4.1291,0,0,0,163650.326327,ok-ord5
intel,mumps-5,cn512-16-l,group9,msc23052.mtx,23052,588933,2,1,1,0.048065,0.072633,9.43,3483405,5.9148,0,0,0,298852.291587,ok-ord5
intel,mumps-5,cn512-16-l,group9,msc23052.mtx,23052,588933,2,2,1,0.047817,0.063400,10.81,3483405,5.9148,0,0,0,298852.291587,ok-ord5
intel,mumps-5,cn512-16-l,group9,msc23052.mtx,23052,588933,2,4,1,0.047292,0.046218,14.82,3483405,5.9148,0,0,0,298852.291587,ok-ord5
intel,mumps-5,cn512-16-l,group9,msc23052.mtx,23052,588933,2,8,1,0.048241,0.034176,20.05,3483405,5.9148,0,0,0,298852.291587,ok-ord5
intel,mumps-5,cn512-16-l,group9,msc23052.mtx,23052,588933,2,16,1,0.048007,0.031662,21.64,3483405,5.9148,0,0,0,298852.291587,ok-ord5
intel,mumps-5,cn512-16-l,group9,msc23052.mtx,23052,588933,2,32,1,0.047516,0.047029,14.57,3483405,5.9148,0,0,0,298852.291587,ok-ord5
intel,mumps-5,cn512-16-l,group9,msc23052.mtx,23052,588933,2,40,1,0.047723,0.055410,12.36,3483405,5.9148,0,0,0,298852.291587,ok-ord5
intel,mumps-5,cn512-16-l,group9,offshore.mtx,259789,2251231,2,1,1,3.258364,2.624871,31.96,86209646,38.2944,0,0,0,4787184.763697,ok-ord5
intel,mumps-5,cn512-16-l,group9,offshore.mtx,259789,2251231,2,2,1,3.256387,1.678114,50.00,86209646,38.2944,0,0,0,4787184.763697,ok-ord5
intel,mumps-5,cn512-16-l,group9,offshore.mtx,259789,2251231,2,4,1,3.257534,0.967117,86.75,86209646,38.2944,0,0,0,4787184.763697,ok-ord5
intel,mumps-5,cn512-16-l,group9,offshore.mtx,259789,2251231,2,8,1,3.259205,0.569232,147.39,86209646,38.2944,0,0,0,4787184.763697,ok-ord5
intel,mumps-5,cn512-16-l,group9,offshore.mtx,259789,2251231,2,16,1,3.257082,0.452103,185.57,86209646,38.2944,0,0,0,4787184.763697,ok-ord5
intel,mumps-5,cn512-16-l,group9,offshore.mtx,259789,2251231,2,32,1,3.260550,0.473271,177.27,86209646,38.2944,0,0,0,4787184.763697,ok-ord5
intel,mumps-5,cn512-16-l,group9,offshore.mtx,259789,2251231,2,40,1,3.265642,0.587510,142.80,86209646,38.2944,0,0,0,4787184.763697,ok-ord5
intel,mumps-5,cn512-16-l,group9,s3dkq4m2.mtx,90449,2455670,2,1,1,0.176113,0.450828,16.22,20638668,8.4045,0,0,0,-19811.940584,ok-ord5
intel,mumps-5,cn512-16-l,group9,s3dkq4m2.mtx,90449,2455670,2,2,1,0.175873,0.339303,21.55,20638668,8.4045,0,0,0,-19811.940584,ok-ord5
intel,mumps-5,cn512-16-l,group9,s3dkq4m2.mtx,90449,2455670,2,4,1,0.176145,0.204427,35.77,20638668,8.4045,0,0,0,-19811.940584,ok-ord5
intel,mumps-5,cn512-16-l,group9,s3dkq4m2.mtx,90449,2455670,2,8,1,0.175714,0.128743,56.80,20638668,8.4045,0,0,0,-19811.940584,ok-ord5
intel,mumps-5,cn512-16-l,group9,s3dkq4m2.mtx,90449,2455670,2,16,1,0.176769,0.111463,65.61,20638668,8.4045,0,0,0,-19811.940584,ok-ord5
intel,mumps-5,cn512-16-l,group9,s3dkq4m2.mtx,90449,2455670,2,32,1,0.175235,0.176396,41.46,20638668,8.4045,0,0,0,-19811.940584,ok-ord5
intel,mumps-5,cn512-16-l,group9,s3dkq4m2.mtx,90449,2455670,2,40,1,0.175179,0.206055,35.49,20638668,8.4045,0,0,0,-19811.940584,ok-ord5
intel,mumps-5,cn512-16-l,group9,s3dkt3m2.mtx,90449,1921955,2,1,1,0.157166,0.414823,16.72,19151382,9.9645,0,0,0,411.263440,ok-ord5
intel,mumps-5,cn512-16-l,group9,s3dkt3m2.mtx,90449,1921955,2,2,1,0.158394,0.312962,22.17,19151382,9.9645,0,0,0,411.263440,ok-ord5
intel,mumps-5,cn512-16-l,group9,s3dkt3m2.mtx,90449,1921955,2,4,1,0.157829,0.180939,38.34,19151382,9.9645,0,0,0,411.263440,ok-ord5
intel,mumps-5,cn512-16-l,group9,s3dkt3m2.mtx,90449,1921955,2,8,1,0.157884,0.117066,59.26,19151382,9.9645,0,0,0,411.263440,ok-ord5
intel,mumps-5,cn512-16-l,group9,s3dkt3m2.mtx,90449,1921955,2,16,1,0.156974,0.103625,66.94,19151382,9.9645,0,0,0,411.263440,ok-ord5
intel,mumps-5,cn512-16-l,group9,s3dkt3m2.mtx,90449,1921955,2,32,1,0.158014,0.161860,42.86,19151382,9.9645,0,0,0,411.263440,ok-ord5
intel,mumps-5,cn512-16-l,group9,s3dkt3m2.mtx,90449,1921955,2,40,1,0.159093,0.214270,32.37,19151382,9.9645,0,0,0,411.263440,ok-ord5
intel,mumps-5.7.3,cn509-15-l,group2,inla_graph_bern_spd.mtx,96344,2181456,2,1,1,0.610442,0.276874,18.27,14437371,6.6182,0,0,0,187265.965283,ok-ord5
intel,mumps-5.7.3,cn509-15-l,group2,inla_graph_bern_spd.mtx,96344,2181456,2,16,1,0.609335,0.125522,40.30,14437371,6.6182,0,0,0,187265.965283,ok-ord5
intel,mumps-5.7.3,cn509-15-l,group2,inla_graph_bern_spd.mtx,96344,2181456,2,2,1,0.605308,0.235671,21.47,14437371,6.6182,0,0,0,187265.965283,ok-ord5
intel,mumps-5.7.3,cn509-15-l,group2,inla_graph_bern_spd.mtx,96344,2181456,2,32,1,0.627794,0.142749,35.44,14437371,6.6182,0,0,0,187265.965283,ok-ord5
intel,mumps-5.7.3,cn509-15-l,group2,inla_graph_bern_spd.mtx,96344,2181456,2,40,1,0.638343,0.129582,39.04,14437371,6.6182,0,0,0,187265.965283,ok-ord5
intel,mumps-5.7.3,cn509-15-l,group2,inla_graph_bern_spd.mtx,96344,2181456,2,4,1,0.602685,0.186010,27.20,14437371,6.6182,0,0,0,187265.965283,ok-ord5
intel,mumps-5.7.3,cn509-15-l,group2,inla_graph_bern_spd.mtx,96344,2181456,2,8,1,0.607734,0.148228,34.13,14437371,6.6182,0,0,0,187265.965283,ok-ord5
